,Unnamed: 0.2,Unnamed: 0.1,Unnamed: 0,time (ms),bandwidth (Kbps),Latency (ms),Loss rate (%)
0,0,0,0,3.0,6073.2,46.5,0.056
1,1,1,1,507.0,10461.2,50.03,0.826
2,2,2,2,1010.0,35121.5,49.6275,0.125
3,3,3,3,1514.0,18954.9,57.5185,0.866
4,4,4,4,2017.0,14115.2,62.712,1.212
5,5,5,5,2519.0,10708.9,63.3775,0.208
6,6,6,6,3021.0,14764.8,65.752,0.534
7,7,7,7,3524.0,13997.1,67.7375,0.747
8,8,8,8,4028.0,10948.5,69.1115,0.661
9,9,9,9,4529.0,14893.0,70.494,0.501
10,10,10,10,5031.0,15925.0,73.033,0.397
11,11,11,11,5535.0,17028.4,72.203,1.297
12,12,12,12,6038.0,14931.4,70.182,0.096
13,13,13,13,6541.0,15076.5,69.166,0.125
14,14,14,14,7044.0,14784.3,72.85,0.585
15,15,15,15,7547.0,11840.8,68.6035,0.223
16,16,16,16,8049.0,19047.2,67.9865,0.563
17,17,17,17,8553.0,14545.2,63.2665,0.192
18,18,18,18,9057.0,21538.6,60.588,0.612
19,19,19,19,9559.0,12657.5,59.581,0.377
20,20,20,20,10061.0,16118.3,62.4545,1.247
21,21,21,21,10564.0,18508.2,62.0545,1.523
22,22,22,22,11067.0,17147.1,61.296,0.73
23,23,23,23,11569.0,17259.0,61.835,0.506
24,24,24,24,12072.0,18477.6,61.1685,0.276
25,25,25,25,12575.0,17542.1,61.4975,0.159
26,26,26,26,13078.0,18047.1,62.725,0.512
27,27,27,27,13581.0,15356.0,61.6735,0.102
28,28,28,28,14085.0,17493.3,63.334,0.753
29,29,29,29,14588.0,17193.1,67.5975,0.707
30,30,30,30,15091.0,14529.7,70.2695,0.85
31,31,31,31,15594.0,17991.7,68.8715,0.319
32,32,32,32,16097.0,12000.4,73.3525,0.182
33,33,33,33,16600.0,6869.1,76.4215,0.305
34,34,34,34,17102.0,16533.2,73.3255,0.564
35,35,35,35,17604.0,17392.2,74.0925,0.394
36,36,36,36,18108.0,14179.3,69.1825,0.243
37,37,37,37,18611.0,15904.7,69.456,0.195
38,38,38,38,19114.0,10417.7,67.7,0.707
39,39,39,39,19617.0,20581.6,67.098,0.276
40,40,40,40,20120.0,20893.9,64.7265,0.448
41,41,41,41,20622.0,13391.6,66.0865,0.865
42,42,42,42,21125.0,8632.8,67.884,0.729
43,43,43,43,21628.0,19053.3,66.436,1.004
44,44,44,44,22130.0,20041.0,66.9105,0.713
45,45,45,45,22632.0,15090.8,68.6025,0.491
46,46,46,46,23133.0,17440.4,66.1415,0.726
47,47,47,47,23638.0,10055.5,68.4155,1.008
48,48,48,48,24141.0,19042.5,69.8555,0.773
49,49,49,49,24644.0,16933.2,67.4395,0.254
50,50,50,50,25146.0,14424.2,66.4485,0.612
51,51,51,51,25649.0,4359.3,64.4365,0.281
52,52,52,52,26150.0,25769.0,60.6305,1.092
53,53,53,53,26654.0,14263.8,61.099,0.844
54,54,54,54,27157.0,13846.8,61.704,0.306
55,55,55,55,27661.0,12710.2,60.661,0.687
56,56,56,56,28165.0,20502.2,58.9225,0.71
57,57,57,57,28667.0,16379.9,61.458,0.178
58,58,58,58,29168.0,15276.2,62.015,0.354
59,59,59,59,29671.0,13119.2,62.46,0.668
60,60,60,60,30175.0,14729.7,61.353,0.939
61,61,61,61,30676.0,15902.6,64.548,0.659
62,62,62,62,31180.0,11773.1,64.6785,0.31
63,63,63,63,31684.0,9796.6,70.2795,0.875
64,64,64,64,32187.0,15215.2,70.146,0.238
65,65,65,65,32691.0,14804.8,65.5135,0.69
66,66,66,66,33196.0,16426.7,69.7,0.094
67,67,67,67,33699.0,9009.5,65.5585,0.515
68,68,68,68,34202.0,16371.1,67.9535,1.156
69,69,69,69,34705.0,14507.1,69.6205,0.211
70,70,70,70,35207.0,13996.6,68.3885,0.968
71,71,71,71,35711.0,14638.0,67.5455,0.666
72,72,72,72,36214.0,16017.3,64.2345,0.415
73,73,73,73,36718.0,19014.2,62.4565,1.334
74,74,74,74,37220.0,18109.8,65.6865,0.587
75,75,75,75,37723.0,5952.7,63.4855,0.367
76,76,76,76,38224.0,17589.0,66.771,0.182
77,77,77,77,38728.0,19669.4,67.731,0.512
78,78,78,78,39231.0,14887.1,65.874,1.104
79,79,79,79,39733.0,12901.2,68.115,1.337
80,80,80,80,40236.0,11794.1,68.3475,0.992
81,81,81,81,40738.0,15156.0,67.6815,0.385
82,82,82,82,41242.0,16455.4,68.2045,1.649
83,83,83,83,41745.0,14205.8,67.155,0.955
84,84,84,84,42250.0,16990.5,67.568,0.441
85,85,85,85,42753.0,16738.4,71.227,0.647
86,86,86,86,43255.0,13329.3,73.158,0.41
87,87,87,87,43757.0,15746.4,75.602,0.33
88,88,88,88,44258.0,14121.7,73.3875,0.238
89,89,89,89,44761.0,10219.1,71.016,0.756
90,90,90,90,45265.0,6557.8,68.3075,0.878
91,91,91,91,45769.0,24879.5,66.3115,0.325
92,92,92,92,46273.0,14874.7,65.944,0.343
93,93,93,93,46776.0,17674.1,65.637,0.873
94,94,94,94,47279.0,14021.8,68.576,1.174
95,95,95,95,47782.0,9248.4,74.1855,0.126
96,96,96,96,48283.0,9594.8,74.512,0.611
97,97,97,97,48786.0,13188.4,76.0905,0.558
98,98,98,98,49290.0,14313.0,75.039,1.212
99,99,99,99,49793.0,15452.6,76.8345,1.258
100,100,100,100,50297.0,11962.7,73.8815,1.048
101,101,101,101,50800.0,12967.2,68.287,0.509
102,102,102,102,51304.0,6758.0,68.373,0.605
103,103,103,103,51806.0,18312.1,62.628,0.753
104,104,104,104,52309.0,20768.1,61.1875,0.493
105,105,105,105,52812.0,12436.0,60.0675,0.228
106,106,106,106,53315.0,16027.5,55.625,0.315
107,107,107,107,53818.0,11997.8,57.629,0.356
108,108,108,108,54321.0,16609.5,58.7385,0.113
109,109,109,109,54824.0,12070.3,60.203,0.81
110,110,110,110,55327.0,11684.0,64.6605,0.157
111,111,111,111,55829.0,15445.0,66.4045,0.549
112,112,112,112,56330.0,13992.4,63.9865,0.573
113,113,113,113,56833.0,13418.3,68.4765,1.283
114,114,114,114,57336.0,15980.8,68.715,0.649
115,115,115,115,57839.0,15624.1,70.969,1.165
116,116,116,116,58341.0,12069.4,74.4095,0.513
117,117,117,117,58843.0,4409.6,80.0375,0.288
118,118,118,118,59344.0,11336.4,75.936,0.14
119,119,119,119,59847.0,14278.9,75.661,0.552
120,120,120,120,60351.0,18228.4,70.971,0.727
121,121,121,121,60852.0,13916.7,70.4235,0.903
122,122,122,122,61355.0,12600.6,68.0135,0.805
123,123,123,123,61858.0,14083.6,65.055,0.553
124,124,124,124,62361.0,13508.3,66.224,0.417
125,125,125,125,62864.0,12149.6,66.7585,1.109
126,126,126,126,63367.0,20240.1,65.452,0.863
127,127,127,127,63869.0,16156.1,65.896,0.416
128,128,128,128,64372.0,15050.3,65.241,0.786
129,129,129,129,64875.0,13872.7,67.15,1.196
130,130,130,130,65378.0,16371.7,63.672,1.064
131,131,131,131,65882.0,16360.8,63.0315,0.638
132,132,132,132,66385.0,17863.7,61.981,0.111
133,133,133,133,66889.0,20307.3,68.198,1.266
134,134,134,134,67391.0,11951.3,70.9595,0.831
135,135,135,135,67895.0,16796.0,74.5275,0.9
136,136,136,136,68397.0,13326.7,75.517,0.503
137,137,137,137,68901.0,13094.0,75.1975,0.95
138,138,138,138,69404.0,10260.3,74.725,0.595
139,139,139,139,69907.0,16865.8,75.5685,0.182
140,140,140,140,70410.0,12237.3,73.6,0.215
141,141,141,141,70914.0,14972.9,70.205,0.893
142,142,142,142,71418.0,6844.8,68.726,0.983
143,143,143,143,71921.0,21016.5,64.9895,1.515
144,144,144,144,72424.0,14407.0,65.2845,0.41
145,145,145,145,72927.0,12082.7,64.7795,0.214
146,146,146,146,73430.0,12678.5,66.9435,0.157
147,147,147,147,73934.0,12798.5,69.336,0.177
148,148,148,148,74437.0,18244.1,67.8135,0.142
149,149,149,149,74940.0,16627.8,69.289,0.259
150,150,150,150,75442.0,12948.5,66.0745,0.376
151,151,151,151,75945.0,20312.4,67.424,0.515
152,152,152,152,76448.0,14868.5,66.7485,0.468
153,153,153,153,76952.0,9052.3,65.6395,0.461
154,154,154,154,77454.0,17546.4,62.126,0.813
155,155,155,155,77958.0,14466.2,62.8025,0.243
156,156,156,156,78461.0,18181.3,59.9845,0.595
157,157,157,157,78964.0,12961.8,57.453,0.191
158,158,158,158,79467.0,10920.8,57.6135,0.794
159,159,159,159,79968.0,18213.0,57.0065,0.199
160,160,160,160,80471.0,19485.2,58.9885,0.83
161,161,161,161,80975.0,15292.4,60.5255,0.181
162,162,162,162,81478.0,14451.9,60.7955,0.666
163,163,163,163,81982.0,19691.2,58.1005,1.321
164,164,164,164,82484.0,16666.2,62.563,0.245
165,165,165,165,82986.0,14505.9,61.054,0.044
166,166,166,166,83489.0,12788.5,62.0845,1.623
167,167,167,167,83992.0,17843.7,64.1095,0.117
168,168,168,168,84494.0,12382.1,63.389,0.228
169,169,169,169,84997.0,23646.9,64.445,0.826
170,170,170,170,85499.0,12683.4,61.0045,0.112
171,171,171,171,86000.0,11972.1,64.084,0.445
172,172,172,172,86503.0,19974.0,64.235,0.952
173,173,173,173,87006.0,16152.9,63.867,0.485
174,174,174,174,87509.0,14251.6,64.0695,0.16
175,175,175,175,88012.0,15933.9,66.7295,0.681
176,176,176,176,88515.0,16260.9,64.795,0.283
177,177,177,177,89018.0,18267.0,68.625,0.744
178,178,178,178,89522.0,14362.7,64.569,1.117
179,179,179,179,90025.0,10941.8,69.8225,0.203
180,180,180,180,90530.0,21821.9,70.5595,0.215
181,181,181,181,91032.0,10947.6,66.6635,0.722
182,182,182,182,91535.0,14347.1,70.809,0.28
183,183,183,183,92036.0,10823.6,67.3955,1.082
184,184,184,184,92539.0,18011.7,65.33,0.317
185,185,185,185,93043.0,12870.9,66.521,0.274
186,186,186,186,93546.0,8790.1,63.8775,1.036
187,187,187,187,94050.0,15748.6,66.123,0.473
188,188,188,188,94553.0,10548.5,62.095,0.411
189,189,189,189,95057.0,19559.8,60.533,0.266
190,190,190,190,95557.0,14899.3,56.1375,0.58
191,191,191,191,96059.0,16536.9,55.253,0.597
192,192,192,192,96562.0,19521.4,53.6275,0.919
193,193,193,193,97065.0,14134.6,53.0975,0.483
194,194,194,194,97568.0,17160.6,54.7175,0.654
195,195,195,195,98070.0,16869.3,55.198,0.352
196,196,196,196,98573.0,18198.3,53.974,0.448
197,197,197,197,99077.0,18842.2,59.572,0.595
198,198,198,198,99580.0,17411.9,58.7895,0.548
199,199,199,199,100082.0,17640.1,62.869,0.922
200,200,200,200,100533.2,15924.5,65.395,0.565
201,201,201,201,101017.8,17705.5,64.2025,0.418
202,202,202,202,101501.8,17538.7,65.202,0.671
203,203,203,203,102021.1,14816.1,66.275,0.394
204,204,204,204,102479.4,12095.0,64.674,0.804
205,205,205,205,103012.3,9698.3,64.107,0.489
206,206,206,206,103521.1,12483.1,64.1325,0.879
207,207,207,207,103929.8,18629.1,66.946,1.275
208,208,208,208,104487.5,22535.3,65.3655,0.336
209,209,209,209,105003.9,19794.3,66.1775,0.314
210,210,210,210,105566.6,12156.4,67.8195,0.693
211,211,211,211,106062.3,13568.1,71.9605,0.935
212,212,212,212,106469.7,4458.8,74.2715,1.442
213,213,213,213,107056.4,12495.9,76.5715,0.418
214,214,214,214,107463.7,16200.1,73.263,0.064
215,215,215,215,108036.8,14150.2,71.7475,0.199
216,216,216,216,108585.5,6884.5,69.736,0.372
217,217,217,217,109123.9,14868.2,65.883,0.647
218,218,218,218,109669.3,16882.9,67.5365,0.955
219,219,219,219,110128.1,14844.2,67.5125,1.12
220,220,220,220,110648.6,14899.3,65.0805,0.23
221,221,221,221,111194.0,18385.2,62.9935,0.831
222,222,222,222,111790.0,22910.0,59.701,0.425
223,223,223,223,112292.6,18181.2,61.645,0.857
224,224,224,224,112828.2,14883.5,58.574,0.298
225,225,225,225,113301.5,13588.4,62.5715,0.488
226,226,226,226,113791.5,16974.6,62.982,0.92
227,227,227,227,114297.4,17766.2,66.0245,0.131
228,228,228,228,114702.5,17128.3,63.9395,0.53
229,229,229,229,115154.9,14061.2,63.5415,1.146
230,230,230,230,115693.7,19108.7,60.077,0.669
231,231,231,231,116184.1,23467.3,60.635,0.981
232,232,232,232,116777.6,14746.3,66.614,0.56
233,233,233,233,117286.1,12957.9,69.3315,0.393
234,234,234,234,117813.6,10905.7,69.348,0.426
235,235,235,235,118372.0,3838.0,69.782,0.44
236,236,236,236,118845.8,12899.0,66.6235,1.373
237,237,237,237,119258.9,16329.6,66.661,0.493
238,238,238,238,119812.8,14127.2,61.628,0.473
239,239,239,239,120227.6,17106.0,62.854,0.404
