timestamp,frame_first_ts,frame_last_ts
1773458898432219,8723183030,8723183654
1773458899003455,8723183248,8723183655
1773458899003685,8723183508,8723184349
1773458899045883,8723184370,8723184394
1773458899057995,8723184406,8723184406
1773458899102406,8723184419,8723184450
1773458899144199,8723184462,8723184492
1773458899159751,8723184501,8723184507
1773458899181611,8723184513,8723184529
1773458899191447,8723184532,8723184539
1773458899200308,8723184542,8723184548
1773458899211618,8723184551,8723184559
1773458899227503,8723184562,8723184575
1773458899253651,8723184581,8723184601
1773458899283605,8723184604,8723184631
1773458899321511,8723184635,8723184669
1773458899339755,8723184673,8723184687
1773458899387917,8723184691,8723184735
1773458899401868,8723184740,8723184750
1773458899468848,8723184754,8723184816
1773458899534926,8723184821,8723184882
1773458899588628,8723184890,8723184936
1773458899691055,8723184945,8723185038
1773458899718906,8723185045,8723185067
1773458899754819,8723185073,8723185102
1773458900000966,8723185110,8723185348
1773458900033430,8723185363,8723185381
1773458900118500,8723185388,8723185466
1773458900420365,8723185478,8723185767
1773458900493482,8723185781,8723185841
1773458900687381,8723185849,8723186035
1773458900762820,8723186044,8723186110
1773458900819554,8723186123,8723186167
1773458900872931,8723186180,8723186221
1773458900917732,8723186228,8723186265
1773458900943492,8723186271,8723186291
1773458900969917,8723186297,8723186317
1773458901011204,8723186321,8723186359
1773458901043066,8723186364,8723186391
1773458901086573,8723186396,8723186434
1773458901107508,8723186439,8723186455
1773458901120245,8723186460,8723186468
1773458901139048,8723186475,8723186487
1773458901185256,8723186493,8723186533
1773458901199051,8723186538,8723186547
1773458901214336,8723186554,8723186562
1773458901245626,8723186567,8723186593
1773458901281033,8723186602,8723186629
1773458901361865,8723186636,8723186709
1773458901367221,8723186715,8723186715
1773458901511966,8723186720,8723186859
1773458901567784,8723186866,8723186915
1773458901587772,8723186926,8723186936
1773458901626750,8723186940,8723186974
1773458901800230,8723186984,8723187147
1773458901837523,8723187154,8723187185
1773458901907954,8723187191,8723187255
1773458901996084,8723187262,8723187343
1773458902057063,8723187351,8723187405
1773458902283732,8723187410,8723187631
1773458902424758,8723187639,8723187772
1773458902465688,8723187778,8723187813
1773458902488630,8723187820,8723187836
1773458902566269,8723187845,8723187914
1773458902633409,8723187920,8723187981
1773458902696386,8723187990,8723188044
1773458902761406,8723188051,8723188109
1773458902831144,8723188116,8723188179
1773458902901912,8723188184,8723188249
1773458904236080,8723188257,8723189583
1773458904390859,8723189591,8723189738
1773458904449288,8723189746,8723189796
1773458904473417,8723189806,8723189821
1773458904546266,8723189829,8723189894
1773458904583462,8723189903,8723189931
1773458904598020,8723189939,8723189946
1773458904608054,8723189952,8723189956
1773458904616009,8723189961,8723189964
1773458904623737,8723189967,8723189972
1773458904629905,8723189974,8723189978
1773458904634998,8723189980,8723189983
1773458904639895,8723189985,8723189988
1773458904643586,8723189990,8723189991
1773458904650360,8723189996,8723189998
1773458904655884,8723190000,8723190004
1773458904666354,8723190007,8723190014
1773458904670865,8723190017,8723190019
1773458904679068,8723190021,8723190027
1773458904684738,8723190030,8723190032
1773458904767378,8723190093,8723190115
1773458904827750,8723190176,8723190176
1773458904967507,8723190306,8723190315
1773458905022126,8723190353,8723190370
1773458905169513,8723190512,8723190517
1773458905186162,8723190520,8723190534
1773458905213782,8723190553,8723190562
1773458905310643,8723190650,8723190658
1773458905374987,8723190716,8723190723
1773458905473420,8723190815,8723190821
1773458905569198,8723190906,8723190917
1773458905643621,8723190974,8723190991
1773458905733262,8723191073,8723191081
1773458905992205,8723191133,8723191340
1773458905995465,8723191343,8723191343
1773458905998758,8723191347,8723191347
1773458906013856,8723191354,8723191362
1773458906035949,8723191365,8723191384
1773458906326183,8723191387,8723191673
1773458906330215,8723191678,8723191678
1773458906339808,8723191682,8723191688
1773458906343906,8723191692,8723191692
1773458906352145,8723191697,8723191700
1773458906361340,8723191703,8723191709
1773458906447560,8723191712,8723191795
1773458906457613,8723191802,8723191805
1773458906466584,8723191807,8723191814
1773458906476124,8723191816,8723191824
1773458906826307,8723191828,8723192173
1773458906835769,8723192179,8723192184
1773458907015432,8723192190,8723192362
1773458907033407,8723192370,8723192381
1773458907054364,8723192391,8723192402
1773458907060669,8723192408,8723192408
1773458907072334,8723192414,8723192420
1773458907082376,8723192424,8723192430
1773458907096312,8723192434,8723192444
1773458907100618,8723192446,8723192448
1773458907104926,8723192451,8723192453
1773458907107490,8723192455,8723192455
1773458907113145,8723192459,8723192461
1773458907117547,8723192463,8723192465
1773458907124429,8723192468,8723192472
1773458907230421,8723192475,8723192577
1773458907258959,8723192582,8723192606
1773458907279322,8723192611,8723192627
1773458907284107,8723192632,8723192632
1773458907315312,8723192639,8723192663
1773458907336789,8723192668,8723192685
1773458907346988,8723192689,8723192695
1773458907355849,8723192698,8723192704
1773458907368265,8723192706,8723192716
1773458907380095,8723192719,8723192728
1773458907390864,8723192732,8723192739
1773458907406885,8723192741,8723192755
1773458907442361,8723192781,8723192790
1773458907447129,8723192793,8723192795
1773458907458485,8723192798,8723192806
1773458907469033,8723192809,8723192817
1773458907497182,8723192843,8723192845
1773458907589677,8723192847,8723192937
1773458907606195,8723192940,8723192954
1773458907613618,8723192959,8723192961
1773458907622905,8723192964,8723192971
1773458907632432,8723192980,8723192980
1773458907634916,8723192983,8723192983
1773458907637390,8723192985,8723192985
1773458907639535,8723192987,8723192987
1773458907670734,8723193012,8723193019
1773458907678961,8723193020,8723193027
1773458907716469,8723193029,8723193064
1773458907725393,8723193066,8723193073
1773458907796888,8723193076,8723193145
1773458907805464,8723193147,8723193153
1773458907817341,8723193156,8723193165
1773458907851613,8723193191,8723193199
1773458907891181,8723193231,8723193239
1773458907926565,8723193272,8723193274
1773458907986592,8723193314,8723193334
1773458908026799,8723193356,8723193374
1773458908059739,8723193398,8723193407
1773458908106324,8723193439,8723193454
1773458908148806,8723193481,8723193497
1773458908184294,8723193526,8723193532
1773458908233895,8723193565,8723193582
1773458908277245,8723193613,8723193625
1773458908318463,8723193649,8723193666
1773458908379549,8723193704,8723193727
1773458908442164,8723193767,8723193790
1773458908476279,8723193808,8723193824
1773458908486562,8723193829,8723193834
1773458908535233,8723193863,8723193883
1773458908553830,8723193898,8723193902
1773458908595274,8723193940,8723193943
1773458908663013,8723193995,8723194011
1773458908700811,8723194033,8723194049
1773458908734414,8723194066,8723194082
1773458908762105,8723194107,8723194110
1773458908836735,8723194168,8723194184
1773458908851497,8723194196,8723194199
1773458908911458,8723194254,8723194259
1773458908955028,8723194292,8723194303
1773458909001626,8723194339,8723194349
1773458909019618,8723194357,8723194367
1773458909068332,8723194399,8723194416
1773458909153994,8723194484,8723194502
1773458909175328,8723194512,8723194523
1773458909238809,8723194565,8723194586
1773458909262244,8723194598,8723194610
1773458909427504,8723194665,8723194775
1773458909457718,8723194780,8723194805
1773458909496435,8723194814,8723194843
1773458909552324,8723194873,8723194900
1773458909774876,8723195115,8723195123
1773458909779727,8723195128,8723195128
1773458909864219,8723195131,8723195212
1773458909870444,8723195215,8723195218
1773458909892099,8723195224,8723195240
1773458909928723,8723195243,8723195276
1773458910029848,8723195280,8723195378
1773458910057439,8723195381,8723195405
1773458910123363,8723195409,8723195471
1773458910160807,8723195475,8723195509
1773458910196994,8723195512,8723195544
1773458910201911,8723195550,8723195550
1773458910215159,8723195555,8723195563
1773458910220013,8723195568,8723195568
1773458910263716,8723195600,8723195611
1773458910335251,8723195641,8723195683
1773458910437105,8723195742,8723195785
1773458910456547,8723195788,8723195804
1773458910513809,8723195808,8723195861
1773458910628321,8723195867,8723195975
1773458910808207,8723195981,8723196156
1773458910815385,8723196163,8723196163
1773458910828880,8723196168,8723196177
1773458910877211,8723196182,8723196225
1773458910912400,8723196230,8723196260
1773458910993075,8723196265,8723196341
1773458911003044,8723196344,8723196351
1773458911037214,8723196356,8723196385
1773458911044237,8723196389,8723196392
1773458911085554,8723196396,8723196433
1773458911123502,8723196439,8723196471
1773458911288469,8723196477,8723196636
1773458911488895,8723196643,8723196836
1773458911501481,8723196843,8723196849
1773458911536441,8723196857,8723196884
1773458911549755,8723196892,8723196898
1773458911557237,8723196905,8723196905
1773458911582964,8723196910,8723196930
1773458911682831,8723196935,8723197030
1773458911699589,8723197034,8723197047
1773458911716084,8723197051,8723197064
1773458911736880,8723197070,8723197084
1773458911854242,8723197090,8723197202
1773458911886697,8723197207,8723197234
1773458911903462,8723197242,8723197251
1773458911911545,8723197256,8723197259
1773458911952402,8723197264,8723197300
1773458911970227,8723197305,8723197318
1773458911974030,8723197322,8723197322
1773458911977432,8723197325,8723197325
1773458911993501,8723197337,8723197341
1773458912063921,8723197407,8723197412
1773458912150845,8723197494,8723197499
1773458912331607,8723197677,8723197679
1773458912396805,8723197737,8723197745
1773458912447443,8723197795,8723197795
1773458912521723,8723197870,8723197870
1773458912536229,8723197882,8723197884
1773458912562619,8723197910,8723197910
1773458912599122,8723197944,8723197947
1773458912639916,8723197982,8723197988
1773458912812156,8723198022,8723198025
1773458912812249,8723198147,8723198160
1773458912824063,8723198162,8723198172
1773458912844207,8723198181,8723198192
1773458912859439,8723198194,8723198207
1773458912874101,8723198214,8723198222
1773458912914276,8723198260,8723198262
1773458912942029,8723198281,8723198290
1773458912983814,8723198320,8723198332
1773458913058021,8723198384,8723198406
1773458913401073,8723198411,8723198747
1773458913412384,8723198755,8723198760
1773458913417652,8723198765,8723198765
1773458913427190,8723198770,8723198775
1773458913440387,8723198783,8723198788
1773458913449300,8723198793,8723198797
1773458913462220,8723198801,8723198810
1773458913466499,8723198812,8723198814
1773458913476687,8723198817,8723198824
1773458913500464,8723198827,8723198848
1773458913511973,8723198851,8723198860
1773458913671287,8723198998,8723199019
1773458913702685,8723199042,8723199050
1773458913764331,8723199073,8723199112
1773458913831207,8723199126,8723199179
1773458913879938,8723199183,8723199228
1773458913927418,8723199232,8723199275
1773458913940515,8723199280,8723199288
1773458914238473,8723199294,8723199585
1773458915210383,8723199594,8723200530
1773458915210541,8723200537,8723200557
1773458915222996,8723200571,8723200571
1773458915234633,8723200582,8723200582
1773458915259296,8723200593,8723200607
1773458915273069,8723200614,8723200621
1773458915281620,8723200625,8723200629
1773458915287060,8723200631,8723200635
1773458915291394,8723200637,8723200639
1773458915294552,8723200641,8723200642
1773458915297852,8723200644,8723200646
1773458915353943,8723200647,8723200701
1773458915380314,8723200705,8723200728
1773458915401898,8723200731,8723200750
1773458915409977,8723200758,8723200758
1773458915423903,8723200762,8723200772
1773458915428107,8723200776,8723200776
1773458915442493,8723200780,8723200790
1773458915447682,8723200793,8723200795
1773458915452153,8723200798,8723200800
1773458915463213,8723200803,8723200811
1773458915469511,8723200813,8723200817
1773458915479795,8723200820,8723200828
1773458915482501,8723200830,8723200830
1773458915490823,8723200833,8723200839
1773458915501150,8723200843,8723200849
1773458915505677,8723200851,8723200853
1773458915512103,8723200856,8723200860
1773458915518426,8723200862,8723200866
1773458915546298,8723200869,8723200894
1773458915557432,8723200897,8723200905
1773458915562569,8723200908,8723200910
1773458915573773,8723200915,8723200922
1773458915586393,8723200925,8723200934
1773458915592396,8723200938,8723200940
1773458915600975,8723200944,8723200949
1773458915645423,8723200980,8723200993
1773458915725841,8723201045,8723201073
1773458915792402,8723201115,8723201140
1773458915981799,8723201317,8723201329
1773458916032787,8723201377,8723201380
1773458916070950,8723201397,8723201419
1773458916147060,8723201453,8723201495
1773458916176131,8723201514,8723201524
1773458916179960,8723201528,8723201528
1773458916754051,8723202099,8723202102
1773458916767774,8723202105,8723202116
1773458917036941,8723202375,8723202385
1773458917044284,8723202387,8723202392
1773458917142109,8723202488,8723202490
1773458917162521,8723202492,8723202510
1773458917223030,8723202513,8723202571
1773458917240939,8723202574,8723202589
1773458917266767,8723202592,8723202614
1773458917274960,8723202617,8723202623
1773458917332601,8723202660,8723202680
1773458917368778,8723202683,8723202716
1773458917395702,8723202720,8723202743
1773458917438085,8723202770,8723202786
1773458917536671,8723202790,8723202884
1773458917566689,8723202888,8723202914
1773458917583764,8723202918,8723202931
1773458917615890,8723202937,8723202964
1773458917645009,8723202970,8723202993
1773458917669313,8723202997,8723203017
1773458917704760,8723203021,8723203052
1773458917740584,8723203056,8723203088
1773458917785499,8723203092,8723203133
1773458917796533,8723203137,8723203144
1773458917944570,8723203274,8723203292
1773458917948996,8723203297,8723203297
1773458917956036,8723203300,8723203304
1773458917960298,8723203308,8723203308
1773458918355408,8723203311,8723203702
1773458918423663,8723203707,8723203771
1773458918437073,8723203776,8723203785
1773458918483971,8723203822,8723203832
1773458918708781,8723204014,8723204056
1773458918792730,8723204062,8723204140
1773458918803971,8723204146,8723204152
1773458918844382,8723204184,8723204192
1773458918940015,8723204203,8723204287
1773458918948358,8723204292,8723204296
1773458918957041,8723204300,8723204305
1773458919015010,8723204309,8723204363
1773458919074265,8723204367,8723204422
1773458919079220,8723204427,8723204427
1773458919154515,8723204431,8723204502
1773458919191891,8723204506,8723204539
1773458919512548,8723204824,8723204860
1773458919563239,8723204865,8723204911
1773458919585227,8723204917,8723204933
1773458919620939,8723204951,8723204968
1773458919641264,8723204973,8723204989
1773458919695175,8723204994,8723205043
1773458919716841,8723205048,8723205064
1773458919729791,8723205069,8723205077
1773458920128952,8723205106,8723205476
1773458920165074,8723205481,8723205513
1773458920226793,8723205517,8723205574
1773458920269518,8723205581,8723205617
1773458920298041,8723205622,8723205646
1773458920327057,8723205656,8723205674
1773458920378891,8723205679,8723205726
1773458920387901,8723205731,8723205736
1773458920445616,8723205740,8723205793
1773458920465403,8723205798,8723205813
1773458920541172,8723205818,8723205888
1773458920572693,8723205894,8723205920
1773458920626941,8723205925,8723205974
1773458920669698,8723205979,8723206017
1773458920718392,8723206022,8723206066
1773458920990804,8723206071,8723206337
1773458920997937,8723206346,8723206346
1773458921008473,8723206351,8723206356
1773458921025835,8723206363,8723206373
1773458921051732,8723206380,8723206399
1773458921056997,8723206405,8723206405
1773458921096093,8723206410,8723206444
1773458921115407,8723206447,8723206463
1773458921476885,8723206466,8723206537
1773458921477010,8723206539,8723206564
1773458921477111,8723206566,8723206588
1773458921477210,8723206591,8723206823
1773458921486288,8723206834,8723206834
1773458921508813,8723206840,8723206857
1773458921722655,8723206862,8723207070
1773458921735775,8723207076,8723207084
1773458921744160,8723207088,8723207092
1773458921752742,8723207096,8723207100
1773458921765890,8723207105,8723207114
1773458921787838,8723207117,8723207136
1773458921938936,8723207140,8723207240
1773458921939071,8723207242,8723207286
1773458921974499,8723207292,8723207322
1773458922011186,8723207328,8723207359
1773458922189654,8723207365,8723207537
1773458922260329,8723207545,8723207608
1773458922294868,8723207614,8723207643
1773458922338789,8723207648,8723207686
1773458922349539,8723207693,8723207697
1773458922379504,8723207702,8723207727
1773458922400685,8723207732,8723207748
1773458922416287,8723207753,8723207764
1773458922430024,8723207767,8723207778
1773458922447381,8723207781,8723207795
1773458922460422,8723207798,8723207808
1773458922482454,8723207811,8723207830
1773458922490300,8723207833,8723207838
1773458922514868,8723207841,8723207863
1773458922559035,8723207866,8723207907
1773458922600795,8723207910,8723207948
1773458922620299,8723207952,8723207968
1773458922645484,8723207972,8723207993
1773458922677189,8723207997,8723208025
1773458922695938,8723208029,8723208044
1773458922705916,8723208047,8723208054
1773458922709598,8723208057,8723208057
1773458922721466,8723208062,8723208069
1773458922724576,8723208072,8723208072
1773458922736641,8723208075,8723208084
1773458922752007,8723208087,8723208100
1773458922769690,8723208103,8723208117
1773458922774879,8723208120,8723208123
1773458922792146,8723208126,8723208140
1773458922798402,8723208143,8723208146
1773458922812339,8723208149,8723208160
1773458922848382,8723208163,8723208196
1773458922852096,8723208200,8723208200
1773458922862697,8723208203,8723208210
1773458922881301,8723208214,8723208229
1773458922891042,8723208232,8723208239
1773458922896432,8723208242,8723208244
1773458922913537,8723208247,8723208261
1773458922930894,8723208264,8723208279
1773458922941547,8723208282,8723208289
1773458922946598,8723208294,8723208294
1773458922975780,8723208298,8723208323
1773458923274113,8723208398,8723208621
1773458923669391,8723208632,8723208992
1773458923669528,8723208997,8723209016
1773458923695009,8723209029,8723209043
1773458923766570,8723209101,8723209114
1773458923944649,8723209279,8723209292
1773458923974516,8723209309,8723209322
1773458923988092,8723209327,8723209336
1773458924012001,8723209356,8723209360
1773458924164527,8723209362,8723209512
1773458924639772,8723209516,8723209556
1773458924639896,8723209789,8723209804
1773458924639996,8723209874,8723209969
1773458924640102,8723209972,8723209987
1773458924662195,8723209999,8723210010
1773458924702555,8723210043,8723210050
1773458924709818,8723210053,8723210058
1773458924746876,8723210091,8723210095
1773458924799578,8723210144,8723210147
1773458924885247,8723210230,8723210233
1773458924892099,8723210238,8723210240
1773458924952638,8723210254,8723210300
1773458924962505,8723210303,8723210310
1773458925005652,8723210341,8723210353
1773458925032017,8723210372,8723210380
1773458925081058,8723210420,8723210429
1773458925146440,8723210486,8723210494
1773458925217011,8723210497,8723210565
1773458925221743,8723210567,8723210570
1773458925257132,8723210603,8723210605
1773458925280270,8723210622,8723210628
1773458925322723,8723210669,8723210671
1773458925359717,8723210706,8723210708
1773458925399095,8723210747,8723210747
1773458925441919,8723210788,8723210790
1773458925483583,8723210830,8723210831
1773458925525577,8723210872,8723210873
1773458925567442,8723210914,8723210915
1773458925633174,8723210978,8723210981
1773458925651341,8723210998,8723210999
1773458925693552,8723211039,8723211041
1773458925736160,8723211081,8723211084
1773458925794081,8723211139,8723211142
1773458925850421,8723211195,8723211198
1773458925909254,8723211249,8723211257
1773458925959203,8723211304,8723211307
1773458926017390,8723211358,8723211365
1773458926022836,8723211367,8723211371
1773458926025404,8723211373,8723211373
1773458926212172,8723211435,8723211559
1773458926363223,8723211608,8723211711
1773458926378836,8723211715,8723211727
1773458926401570,8723211731,8723211749
1773458926412393,8723211760,8723211760
1773458926487273,8723211798,8723211835
1773458926499556,8723211840,8723211847
1773458926556233,8723211850,8723211904
1773458926561987,8723211906,8723211910
1773458926639214,8723211985,8723211987
1773458926661626,8723212006,8723212009
1773458926680398,8723212021,8723212028
1773458926731080,8723212075,8723212079
1773458926742098,8723212082,8723212090
1773458926790911,8723212128,8723212139
1773458926823805,8723212165,8723212172
1773458926890631,8723212236,8723212238
1773458926904112,8723212250,8723212252
1773458926951338,8723212291,8723212299
1773458927511878,8723212347,8723212781
1773458927512053,8723212635,8723212780
1773458927512181,8723212795,8723212858
1773458927737637,8723212963,8723213085
1773458927821410,8723213097,8723213169
1773458927910406,8723213178,8723213258
1773458927929563,8723213266,8723213277
1773458928005119,8723213308,8723213353
1773458928076710,8723213398,8723213424
1773458928136475,8723213440,8723213484
1773458928219095,8723213488,8723213567
1773458928227402,8723213572,8723213575
1773458928312266,8723213608,8723213660
1773458928319171,8723213664,8723213667
1773458928358119,8723213703,8723213706
1773458928425204,8723213752,8723213773
1773458928526852,8723213804,8723213875
1773458928533581,8723213878,8723213881
1773458928595108,8723213892,8723213943
1773458928626662,8723213962,8723213974
1773458928760678,8723214084,8723214108
1773458928839591,8723214187,8723214187
1773458928948696,8723214296,8723214296
1773458929351093,8723214429,8723214698
1773458929777354,8723214737,8723215124
1773458929814949,8723215133,8723215163
1773458929868029,8723215172,8723215216
1773458930347695,8723215226,8723215695
1773458930458137,8723215709,8723215806
1773458930532273,8723215819,8723215880
1773458930578106,8723215887,8723215926
1773458930590236,8723215933,8723215938
1773458930616949,8723215943,8723215965
1773458930648023,8723215970,8723215996
1773458930670467,8723216001,8723216018
1773458930691021,8723216023,8723216039
1773458930712922,8723216043,8723216061
1773458930731914,8723216064,8723216080
1773458930756364,8723216083,8723216104
1773458930781296,8723216108,8723216129
1773458930801053,8723216132,8723216149
1773458930809304,8723216154,8723216157
1773458930866332,8723216160,8723216214
1773458930888142,8723216217,8723216236
1773458930898483,8723216239,8723216246
1773458930976793,8723216249,8723216324
1773458930984997,8723216328,8723216333
1773458931039070,8723216336,8723216387
1773458931083561,8723216390,8723216431
1773458931213685,8723216555,8723216561
1773458931406874,8723216751,8723216754
1773458931595708,8723216918,8723216943
1773458931633845,8723216968,8723216982
1773458931661896,8723217010,8723217010
1773458931735344,8723217055,8723217083
1773458931754204,8723217089,8723217102
1773458931803220,8723217140,8723217151
1773458931831600,8723217174,8723217179
1773458931871183,8723217216,8723217219
1773458931921500,8723217254,8723217269
1773458931971103,8723217319,8723217319
1773458932287619,8723217344,8723217634
1773458932301310,8723217640,8723217649
1773458932334119,8723217656,8723217682
1773458932365702,8723217688,8723217713
1773458932397642,8723217720,8723217745
1773458932434823,8723217751,8723217782
1773458932473492,8723217803,8723217821
1773458932518338,8723217854,8723217866
1773458932528967,8723217871,8723217877
1773458932577798,8723217880,8723217925
1773458932612370,8723217945,8723217960
1773458932700973,8723218032,8723218049
1773458932707447,8723218052,8723218055
1773458932878299,8723218058,8723218226
1773458932883969,8723218229,8723218232
1773458932896651,8723218235,8723218244
1773458932939353,8723218278,8723218287
1773458932999978,8723218338,8723218348
1773458933058800,8723218404,8723218407
1773458933704242,8723218481,8723219051
1773458933939370,8723219206,8723219287
1773458934001578,8723219292,8723219349
1773458934051404,8723219355,8723219399
1773458934145196,8723219412,8723219493
1773458934184141,8723219521,8723219532
1773458934241795,8723219546,8723219589
1773458934256749,8723219596,8723219604
1773458934316401,8723219625,8723219664
1773458934325234,8723219669,8723219673
1773458934384887,8723219704,8723219733
1773458934458761,8723219800,8723219806
1773458934493159,8723219810,8723219841
1773458934534347,8723219875,8723219882
1773458934567548,8723219886,8723219915
1773458934698326,8723220026,8723220046
1773458934705088,8723220050,8723220053
1773458934725528,8723220056,8723220073
1773458934735134,8723220077,8723220083
1773458934764656,8723220086,8723220112
1773458934771422,8723220116,8723220119
1773458934887524,8723220122,8723220235
1773458934909810,8723220239,8723220258
1773458934939724,8723220262,8723220287
1773458935086721,8723220291,8723220434
1773458935100809,8723220440,8723220449
1773458935113406,8723220453,8723220461
1773458935125066,8723220465,8723220473
1773458935137112,8723220478,8723220485
1773458935158920,8723220489,8723220507
1773458935169361,8723220510,8723220517
1773458935176090,8723220520,8723220524
1773458935195179,8723220526,8723220543
1773458935206488,8723220546,8723220554
1773458935222786,8723220557,8723220571
1773458935233061,8723220576,8723220581
1773458935258274,8723220584,8723220605
1773458935584129,8723220610,8723220893
1773458935584247,8723220897,8723220930
1773458935643178,8723220940,8723220991
1773458935763366,8723221000,8723221111
1773458935865254,8723221120,8723221213
1773458935977678,8723221220,8723221325
1773458936084810,8723221332,8723221432
1773458936127276,8723221438,8723221475
1773458936228664,8723221482,8723221576
1773458936322171,8723221584,8723221670
1773458936358850,8723221678,8723221706
1773458936464850,8723221713,8723221812
1773458936627225,8723221820,8723221974
1773458936635780,8723221984,8723221984
1773458936680486,8723221991,8723222028
1773458936724673,8723222037,8723222072
1773458936798359,8723222081,8723222146
1773458936826177,8723222152,8723222174
1773458936840730,8723222179,8723222188
1773458936877152,8723222193,8723222225
1773458936889798,8723222230,8723222238
1773458936969036,8723222243,8723222316
1773458936983986,8723222322,8723222332
1773458936988687,8723222337,8723222337
1773458937001093,8723222341,8723222349
1773458937013089,8723222354,8723222361
1773458937017410,8723222365,8723222365
1773458937024437,8723222369,8723222372
1773458937030794,8723222376,8723222378
1773458937035684,8723222381,8723222383
1773458937044809,8723222388,8723222392
1773458937083788,8723222411,8723222431
1773458937099759,8723222448,8723222448
1773458937279903,8723222616,8723222628
1773458937402290,8723222745,8723222750
1773458937508377,8723222856,8723222856
1773458937685424,8723223010,8723223033
1773458937774552,8723223117,8723223122
1773458937891203,8723223234,8723223239
1773458937975662,8723223304,8723223323
1773458938152624,8723223498,8723223500
1773458938273323,8723223611,8723223621
1773458938381098,8723223716,8723223729
1773458938494323,8723223833,8723223842
1773458938687255,8723224018,8723224035
1773458938741839,8723224083,8723224090
1773458938842131,8723224178,8723224190
1773458938897680,8723224236,8723224245
1773458938971819,8723224313,8723224319
1773458939025904,8723224364,8723224374
1773458939056886,8723224397,8723224404
1773458939071133,8723224409,8723224419
1773458939165420,8723224424,8723224513
1773458939301033,8723224517,8723224648
1773458939305653,8723224653,8723224653
1773458939438371,8723224657,8723224785
1773458939456219,8723224792,8723224804
1773458939878863,8723224811,8723225143
1773458939878964,8723225147,8723225173
1773458939879026,8723225177,8723225202
1773458939879083,8723225205,8723225225
1773458939911806,8723225237,8723225260
1773458939945127,8723225265,8723225293
1773458939966393,8723225299,8723225314
1773458939985006,8723225317,8723225333
1773458939991651,8723225336,8723225339
1773458940025316,8723225342,8723225373
1773458940058552,8723225377,8723225406
1773458940096862,8723225410,8723225444
1773458940130056,8723225448,8723225478
1773458940197821,8723225481,8723225545
1773458940265213,8723225587,8723225613
1773458940273917,8723225618,8723225622
1773458940328173,8723225663,8723225676
1773458940370232,8723225701,8723225718
1773458940445570,8723225760,8723225793
1773458940522326,8723225829,8723225870
1773458940652110,8723225875,8723226000
1773458940656340,8723226004,8723226004
1773458940686469,8723226008,8723226034
1773458940702298,8723226038,8723226050
1773458940717565,8723226054,8723226065
1773458940754507,8723226068,8723226102
1773458940768086,8723226105,8723226116
1773458940773824,8723226119,8723226122
1773458940822964,8723226125,8723226171
1773458940829148,8723226174,8723226177
1773458940835009,8723226180,8723226183
1773458940870100,8723226186,8723226218
1773458940876185,8723226221,8723226224
1773458940910352,8723226239,8723226258
1773458940949285,8723226269,8723226297
1773458941010224,8723226342,8723226358
1773458941048617,8723226390,8723226396
1773458941395035,8723226511,8723226742
1773458941435706,8723226751,8723226783
1773458941458118,8723226789,8723226806
1773458941507114,8723226815,8723226854
1773458941602150,8723226870,8723226950
1773458941655632,8723226963,8723227003
1773458941722543,8723227018,8723227070
1773458941802186,8723227085,8723227150
1773458941927440,8723227167,8723227275
1773458942023550,8723227285,8723227371
1773458942134234,8723227378,8723227482
1773458942197238,8723227494,8723227545
1773458942368097,8723227557,8723227715
1773458942477725,8723227727,8723227825
1773458942537156,8723227839,8723227884
1773458942716852,8723227897,8723228064
1773458942836343,8723228079,8723228184
1773458942985680,8723228193,8723228333
1773458943143514,8723228342,8723228491
1773458943229431,8723228506,8723228577
1773458943378078,8723228584,8723228725
1773458943578811,8723228738,8723228926
1773458943724270,8723228939,8723229072
1773458943906538,8723229086,8723229254
1773458943979555,8723229263,8723229327
1773458944068618,8723229339,8723229416
1773458944254369,8723229428,8723229602
1773458944343936,8723229619,8723229691
1773458944515731,8723229703,8723229863
1773458944702489,8723229880,8723230050
1773458944883399,8723230064,8723230231
1773458945062948,8723230246,8723230410
1773458945132641,8723230420,8723230480
1773458945236678,8723230502,8723230584
1773458945340102,8723230597,8723230687
1773458945438032,8723230696,8723230785
1773458945611589,8723230795,8723230959
1773458945834337,8723230984,8723231181
1773458946023507,8723231192,8723231371
1773458946089405,8723231380,8723231436
1773458946273171,8723231445,8723231620
1773458946333717,8723231633,8723231681
1773458946443942,8723231691,8723231791
1773458946554488,8723231803,8723231902
1773458946759309,8723231911,8723232107
1773458946992076,8723232117,8723232339
1773458947228489,8723232349,8723232576
1773458947466330,8723232587,8723232813
1773458947508212,8723232824,8723232856
1773458947566649,8723232868,8723232914
1773458947692247,8723232926,8723233040
1773458947813341,8723233052,8723233161
1773458947950444,8723233170,8723233298
1773458948043762,8723233306,8723233391
1773458948133801,8723233398,8723233481
1773458948250379,8723233487,8723233598
1773458948281346,8723233606,8723233629
1773458948408122,8723233635,8723233755
1773458949180550,8723233763,8723234527
1773458949327918,8723234539,8723234675
1773458949485333,8723234686,8723234833
1773458949639260,8723234843,8723234987
1773458949685724,8723234998,8723235033
1773458949746697,8723235042,8723235094
1773458949799238,8723235102,8723235147
1773458949873051,8723235153,8723235220
1773458949988966,8723235228,8723235336
1773458950143150,8723235344,8723235490
1773458951054367,8723235499,8723236401
1773458951075249,8723236413,8723236423
1773458951103285,8723236433,8723236451
1773458951214768,8723236462,8723236562
1773458951233643,8723236573,8723236581
1773458951290177,8723236589,8723236638
1773458951426186,8723236644,8723236773
1773458951459291,8723236779,8723236807
1773458951532516,8723236811,8723236880
1773458951668631,8723236886,8723237016
1773458951691179,8723237023,8723237039
1773458951760518,8723237044,8723237108
1773458951918204,8723237115,8723237265
1773458951950923,8723237273,8723237299
1773458951982444,8723237304,8723237330
1773458951993307,8723237336,8723237341
1773458952020924,8723237347,8723237369
1773458952029207,8723237373,8723237377
1773458952037129,8723237382,8723237385
1773458952049099,8723237388,8723237397
1773458952068952,8723237400,8723237417
1773458952079461,8723237420,8723237427
1773458952108185,8723237430,8723237456
1773458952134858,8723237466,8723237482
1773458952139137,8723237487,8723237487
1773458952149383,8723237491,8723237497
1773458952174005,8723237501,8723237522
1773458952181633,8723237526,8723237529
1773458952205192,8723237533,8723237553
1773458952214614,8723237557,8723237562
1773458952232394,8723237566,8723237580
1773458952255880,8723237583,8723237604
1773458952262778,8723237608,8723237611
1773458952268228,8723237614,8723237616
1773458952271821,8723237620,8723237620
1773458952277269,8723237622,8723237625
1773458952291621,8723237628,8723237639
1773458952318606,8723237642,8723237666
1773458952325250,8723237670,8723237673
1773458952353611,8723237676,8723237701
1773458952361534,8723237706,8723237709
1773458952387815,8723237713,8723237735
1773458952406750,8723237740,8723237754
1773458952426475,8723237760,8723237774
1773458952434254,8723237778,8723237782
1773458952463798,8723237786,8723237812
1773458952515591,8723237816,8723237863
1773458952528784,8723237869,8723237876
1773458952545227,8723237880,8723237893
1773458952571256,8723237896,8723237919
1773458952814066,8723237970,8723238161
1773458952858175,8723238168,8723238206
1773458952955549,8723238299,8723238303
1773458953146342,8723238480,8723238494
1773458953252125,8723238586,8723238600
1773458953401853,8723238746,8723238750
1773458953633014,8723238902,8723238981
1773458953790740,8723239064,8723239138
1773458953794957,8723239143,8723239143
1773458953835942,8723239146,8723239184
1773458954029024,8723239373,8723239377
1773458954142214,8723239381,8723239490
1773458954265197,8723239494,8723239613
1773458954300760,8723239617,8723239648
1773458954402990,8723239741,8723239751
1773458954537976,8723239869,8723239886
1773458954654819,8723240002,8723240002
1773458954999097,8723240175,8723240347
1773458955029814,8723240351,8723240377
1773458955247237,8723240487,8723240595
1773458955432998,8723240635,8723240781
1773458955442423,8723240785,8723240790
1773458955781616,8723240953,8723241129
1773458955892989,8723241177,8723241241
1773458955965691,8723241244,8723241313
1773458955988582,8723241317,8723241336
1773458956156152,8723241501,8723241504
1773458956168141,8723241507,8723241516
1773458956352472,8723241519,8723241700
1773458956357214,8723241703,8723241705
1773458956361972,8723241707,8723241710
1773458956367019,8723241712,8723241715
1773458957905994,8723243245,8723243254
1773458958299935,8723243500,8723243648
1773458958316657,8723243651,8723243664
1773458958403495,8723243751,8723243751
1773458958597338,8723243858,8723243945
1773458958686651,8723243968,8723244034
1773458958764753,8723244064,8723244113
1773458958877545,8723244115,8723244225
1773458958977693,8723244308,8723244325
1773458959055061,8723244374,8723244403
1773458959374860,8723244406,8723244723
1773458959434332,8723244733,8723244782
1773458959516117,8723244843,8723244864
1773458959614332,8723244868,8723244962
1773458959675883,8723245024,8723245024
1773458959683417,8723245027,8723245031
1773458959694112,8723245035,8723245042
1773458959704949,8723245051,8723245053
1773458959774827,8723245121,8723245123
1773458959861492,8723245125,8723245209
1773458960116409,8723245212,8723245464
1773458960134247,8723245468,8723245482
1773458960283499,8723245486,8723245631
1773458960347470,8723245669,8723245695
1773458960479716,8723245828,8723245828
1773458960485048,8723245833,8723245833
1773458960489433,8723245837,8723245837
1773458960492611,8723245840,8723245840
1773458960540603,8723245843,8723245888
1773458960576834,8723245891,8723245925
1773458960580451,8723245927,8723245928
1773458960621561,8723245964,8723245969
1773458960683369,8723246029,8723246031
1773458960709356,8723246033,8723246057
1773458960718536,8723246059,8723246066
1773458960803213,8723246112,8723246151
1773458960841848,8723246190,8723246190
1773458960901759,8723246192,8723246250
1773458960905838,8723246252,8723246254
1773458960927329,8723246275,8723246275
1773458960974283,8723246317,8723246322
1773458961008545,8723246355,8723246356
1773458961045003,8723246393,8723246393
1773458963079473,8723246395,8723248409
1773458963079580,8723248411,8723248426
1773458963085330,8723248430,8723248433
1773458963091586,8723248436,8723248439
1773458963095499,8723248443,8723248443
1773458963105618,8723248446,8723248453
1773458963111172,8723248456,8723248459
1773458963134073,8723248461,8723248482
1773458963143142,8723248485,8723248491
1773458963156098,8723248493,8723248504
1773458963162577,8723248506,8723248510
1773458963165464,8723248513,8723248513
1773458963168691,8723248517,8723248517
1773458963171220,8723248519,8723248519
1773458963174582,8723248521,8723248522
1773458963179247,8723248524,8723248527
1773458963182388,8723248529,8723248530
1773458963191412,8723248532,8723248539
1773458963193232,8723248541,8723248541
1773458963196362,8723248543,8723248544
1773458963198223,8723248546,8723248546
1773458963205919,8723248548,8723248554
1773458963208893,8723248555,8723248557
1773458963213407,8723248558,8723248561
1773458963217917,8723248563,8723248566
1773458963221013,8723248567,8723248569
1773458963222853,8723248571,8723248571
1773458963224667,8723248573,8723248573
1773458963228114,8723248575,8723248576
1773458963229836,8723248578,8723248578
1773458963251088,8723248579,8723248599
1773458963258934,8723248601,8723248607
1773458963270355,8723248610,8723248618
1773458963276609,8723248620,8723248624
1773458963283554,8723248627,8723248631
1773458963286201,8723248634,8723248634
1773458963302557,8723248636,8723248650
1773458963304755,8723248653,8723248653
1773458963308206,8723248654,8723248656
1773458963319573,8723248658,8723248667
1773458963321561,8723248669,8723248669
1773458963324912,8723248671,8723248673
1773458963326847,8723248675,8723248675
1773458963330200,8723248677,8723248678
1773458963333355,8723248680,8723248681
1773458963336450,8723248683,8723248684
1773458963339367,8723248686,8723248687
1773458963343779,8723248689,8723248692
1773458963352782,8723248693,8723248701
1773458963358804,8723248702,8723248707
1773458963364089,8723248708,8723248712
1773458963366042,8723248714,8723248714
1773458963368008,8723248716,8723248716
1773458963369957,8723248718,8723248718
1773458963373321,8723248720,8723248721
1773458963376495,8723248723,8723248724
1773458963379461,8723248726,8723248727
1773458963382336,8723248729,8723248730
1773458963385470,8723248732,8723248733
1773458963406096,8723248735,8723248738
1773458963406182,8723248739,8723248740
1773458963406239,8723248742,8723248754
1773458963414000,8723248756,8723248762
1773458963417672,8723248764,8723248766
1773458963419695,8723248768,8723248768
1773458963423777,8723248770,8723248772
1773458963453176,8723248774,8723248801
1773458963456229,8723248804,8723248804
1773458963462731,8723248806,8723248811
1773458963467909,8723248813,8723248816
1773458963477184,8723248818,8723248825
1773458963484332,8723248828,8723248832
1773458963487213,8723248835,8723248835
1773458963489835,8723248838,8723248838
1773458963491881,8723248840,8723248840
1773458963495500,8723248842,8723248843
1773458963503251,8723248845,8723248851
1773458963506113,8723248853,8723248854
1773458963508956,8723248856,8723248857
1773458963517561,8723248858,8723248865
1773458963523301,8723248867,8723248871
1773458963528138,8723248873,8723248876
1773458963532970,8723248878,8723248881
1773458963537993,8723248883,8723248886
1773458963540077,8723248888,8723248888
1773458963541984,8723248890,8723248890
1773458963565075,8723248892,8723248912
1773458963606663,8723248916,8723248954
1773458963643488,8723248958,8723248991
1773458963713198,8723248996,8723249061
1773458963760564,8723249066,8723249108
1773458963765906,8723249114,8723249114
1773458963775850,8723249118,8723249124
1773458963783581,8723249128,8723249131
1773458963787260,8723249135,8723249135
1773458963792522,8723249138,8723249140
1773458963796297,8723249142,8723249144
1773458963799831,8723249146,8723249148
1773458963802901,8723249149,8723249151
1773458963806018,8723249152,8723249154
1773458963810505,8723249156,8723249158
1773458963815346,8723249160,8723249163
1773458963819997,8723249165,8723249168
1773458963824830,8723249170,8723249173
1773458963831894,8723249180,8723249180
1773458963833814,8723249182,8723249182
1773458963835812,8723249184,8723249184
1773458963846662,8723249185,8723249194
1773458963854589,8723249196,8723249202
1773458963857769,8723249204,8723249206
1773458963859634,8723249208,8723249208
1773458963861410,8723249209,8723249209
1773458963863105,8723249211,8723249211
1773458963866004,8723249213,8723249214
1773458963869702,8723249216,8723249218
1773458963874898,8723249221,8723249223
1773458963878286,8723249225,8723249226
1773458963881998,8723249229,8723249230
1773458963885684,8723249232,8723249234
1773458963920801,8723249236,8723249268
1773458963965838,8723249273,8723249313
1773458963996330,8723249321,8723249344
1773458964024465,8723249369,8723249372
1773458964319168,8723249466,8723249666
1773458964327421,8723249675,8723249675
1773458964338166,8723249686,8723249686
1773458964345329,8723249693,8723249693
1773458964350962,8723249699,8723249699
1773458964404553,8723249752,8723249752
1773458964407518,8723249755,8723249755
1773458964456403,8723249804,8723249804
1773458964495777,8723249843,8723249844
1773458964600260,8723249947,8723249948
1773458964622307,8723249969,8723249970
1773458964652299,8723249994,8723250000
1773458964879478,8723250014,8723250087
1773458964879603,8723250088,8723250092
1773458964879696,8723250095,8723250100
1773458965410328,8723250137,8723250734
1773458965410452,8723250740,8723250757
1773458965461094,8723250766,8723250809
1773458966715178,8723250817,8723251049
1773458966715300,8723251055,8723251111
1773458966715373,8723251116,8723251218
1773458966715461,8723251822,8723252061
1773458966752639,8723252073,8723252100
1773458966810891,8723252108,8723252159
1773458967054919,8723252166,8723252402
1773458967104725,8723252412,8723252452
1773458967181968,8723252462,8723252529
1773458967389293,8723252538,8723252736
1773458967456430,8723252748,8723252804
1773458967634519,8723252813,8723252982
1773458968154356,8723252992,8723253501
1773458968315848,8723253514,8723253663
1773458968524516,8723253675,8723253872
1773458968754140,8723253884,8723254101
1773458969085272,8723254114,8723254432
1773458969292112,8723254446,8723254639
1773458969850072,8723254652,8723255197
1773458970048908,8723255212,8723255396
1773458970121962,8723255410,8723255469
1773458970426492,8723255481,8723255774
1773458970647135,8723255788,8723255994
1773458970844251,8723256005,8723256192
1773458970931201,8723256204,8723256278
1773458970988222,8723256288,8723256335
1773458971228089,8723256345,8723256575
1773458971586261,8723256585,8723256933
1773458971678479,8723256945,8723257025
1773458971728124,8723257037,8723257075
1773458971955331,8723257086,8723257302
1773458972107985,8723257315,8723257455
1773458972582156,8723257468,8723257929
1773458972979976,8723257943,8723258327
1773458973272467,8723258341,8723258620
1773458973627102,8723258633,8723258974
1773458973744955,8723258988,8723259092
1773458973912827,8723259103,8723259260
1773458974285202,8723259273,8723259632
1773458974674822,8723259645,8723260022
1773458976059155,8723261323,8723261361
1773458976059954,8723261363,8723261388
1773458976060074,8723261390,8723261406
1773458976069281,8723261411,8723261417
1773458976081017,8723261423,8723261429
1773458976097162,8723261433,8723261445
1773458976107248,8723261449,8723261455
1773458976123841,8723261458,8723261471
1773458976128700,8723261474,8723261477
1773458976133574,8723261479,8723261481
1773458976145342,8723261484,8723261493
1773458976155729,8723261497,8723261504
1773458976160985,8723261506,8723261509
1773458976170721,8723261512,8723261519
1773458976177247,8723261521,8723261525
1773458976179918,8723261528,8723261528
1773458976194021,8723261530,8723261542
1773458976198799,8723261545,8723261547
1773458976217965,8723261549,8723261566
1773458976221057,8723261569,8723261569
1773458976225549,8723261571,8723261573
1773458976231722,8723261576,8723261580
1773458976242266,8723261583,8723261590
1773458976247805,8723261592,8723261596
1773458976261476,8723261598,8723261609
1773458976264376,8723261612,8723261612
1773458976290454,8723261615,8723261638
1773458976293823,8723261642,8723261642
1773458976301311,8723261644,8723261649
1773458976315408,8723261652,8723261663
1773458976326129,8723261667,8723261674
1773458976329031,8723261677,8723261677
1773458976335748,8723261679,8723261684
1773458976341176,8723261686,8723261689
1773458976345532,8723261692,8723261693
1773458976348189,8723261696,8723261696
1773458976353290,8723261698,8723261701
1773458976360112,8723261703,8723261708
1773458976363882,8723261710,8723261712
1773458976369187,8723261714,8723261717
1773458976371529,8723261719,8723261719
1773458976375210,8723261721,8723261723
1773458976377774,8723261726,8723261726
1773458976383372,8723261728,8723261731
1773458976387016,8723261733,8723261735
1773458976392378,8723261737,8723261740
1773458976397482,8723261742,8723261745
1773458976405897,8723261747,8723261754
1773458976411514,8723261756,8723261759
1773458976414073,8723261762,8723261762
1773458976416444,8723261764,8723261764
1773458976420670,8723261767,8723261768
1773458976424537,8723261771,8723261772
1773458976430059,8723261775,8723261778
1773458976433978,8723261780,8723261782
1773458976435975,8723261784,8723261784
1773458976438623,8723261787,8723261787
1773458976441007,8723261789,8723261789
1773458976444309,8723261791,8723261792
1773458976452072,8723261794,8723261800
1773458976456468,8723261802,8723261804
1773458976459360,8723261806,8723261807
1773458976485876,8723261809,8723261810
1773458976485974,8723261813,8723261818
1773458976486041,8723261820,8723261823
1773458976486094,8723261824,8723261834
1773458976488373,8723261836,8723261836
1773458976494769,8723261838,8723261843
1773458976496781,8723261845,8723261845
1773458976502698,8723261848,8723261851
1773458976504703,8723261853,8723261853
1773458976508026,8723261854,8723261856
1773458976511653,8723261858,8723261859
1773458976513919,8723261862,8723261862
1773458976517055,8723261864,8723261865
1773458976521843,8723261867,8723261870
1773458976523847,8723261872,8723261872
1773458976527169,8723261874,8723261875
1773458976529017,8723261877,8723261877
1773458976532202,8723261879,8723261880
1773458976544916,8723261882,8723261893
1773458976546981,8723261895,8723261895
1773458976548846,8723261897,8723261897
1773458976551101,8723261899,8723261899
1773458976553342,8723261901,8723261901
1773458976555359,8723261903,8723261903
1773458976557415,8723261905,8723261905
1773458976980065,8723262328,8723262328
1773458976981423,8723262329,8723262329
1773458976982835,8723262331,8723262331
1773458977078468,8723262332,8723262426
1773458977089467,8723262429,8723262437
1773458977250570,8723262587,8723262598
1773458977414624,8723262755,8723262762
1773458977493065,8723262838,8723262841
1773458977587443,8723262926,8723262935
1773458977872756,8723263013,8723263220
1773458978205105,8723263419,8723263525
1773458978205188,8723263528,8723263553
1773458978211920,8723263560,8723263560
1773458978231389,8723263571,8723263579
1773458978269292,8723263605,8723263617
1773458978288438,8723263632,8723263636
1773458978328946,8723263672,8723263677
1773458978382236,8723263726,8723263730
1773458978416552,8723263757,8723263764
1773458978449284,8723263797,8723263797
1773458978493062,8723263839,8723263841
1773458978538611,8723263880,8723263886
1773458978584884,8723263922,8723263933
1773458978629449,8723263964,8723263977
1773458978666833,8723264006,8723264015
1773458978701682,8723264047,8723264049
1773458978749660,8723264089,8723264097
1773458978791428,8723264131,8723264139
1773458978829103,8723264173,8723264177
1773458978872680,8723264214,8723264220
1773458978926382,8723264268,8723264274
1773458978967170,8723264313,8723264315
1773458979012766,8723264348,8723264360
1773458979052788,8723264388,8723264400
1773458979097619,8723264437,8723264445
1773458979135138,8723264465,8723264483
1773458979175795,8723264521,8723264523
1773458979221179,8723264560,8723264569
1773458979261045,8723264599,8723264609
1773458979325968,8723264660,8723264674
1773458979358285,8723264695,8723264706
1773458979438874,8723264775,8723264787
1773458979448889,8723264791,8723264797
1773458979572431,8723264828,8723264920
1773458979588180,8723264925,8723264936
1773458979592844,8723264941,8723264941
1773458979605336,8723264946,8723264953
1773458979803309,8723265035,8723265151
1773458979838766,8723265157,8723265186
1773458979860207,8723265191,8723265208
1773458979888906,8723265214,8723265237
1773458979908619,8723265243,8723265256
1773458979931696,8723265272,8723265279
1773458980045007,8723265320,8723265393
1773458980052356,8723265397,8723265400
1773458980089315,8723265409,8723265437
1773458980109999,8723265451,8723265458
1773458980256914,8723265461,8723265604
1773458980334291,8723265609,8723265682
1773458980338687,8723265686,8723265686
1773458980358046,8723265692,8723265706
1773458980395055,8723265711,8723265743
1773458981117342,8723265747,8723266464
1773458981129880,8723266472,8723266478
1773458981165858,8723266495,8723266514
1773458981190305,8723266520,8723266538
1773458981218364,8723266548,8723266566
1773458981255757,8723266571,8723266603
1773458981263675,8723266611,8723266611
1773458981290761,8723266614,8723266638
1773458981304364,8723266642,8723266652
1773458981315743,8723266656,8723266663
1773458981324056,8723266666,8723266672
1773458981335690,8723266676,8723266683
1773458981353545,8723266686,8723266701
1773458981369272,8723266704,8723266717
1773458981387089,8723266722,8723266735
1773458981397408,8723266738,8723266745
1773458981403214,8723266748,8723266751
1773458981416593,8723266754,8723266764
1773458981424197,8723266767,8723266772
1773458981443624,8723266775,8723266791
1773458981453834,8723266794,8723266802
1773458981463191,8723266806,8723266811
1773458981476036,8723266814,8723266824
1773458981486767,8723266827,8723266834
1773458981537267,8723266875,8723266885
1773458981561640,8723266895,8723266909
1773458981573782,8723266922,8723266922
1773458981620208,8723266946,8723266968
1773458981651238,8723266989,8723266999
1773458981694076,8723267031,8723267042
1773458981732647,8723267080,8723267080
1773458981750212,8723267093,8723267098
1773458981836361,8723267105,8723267184
1773458981842307,8723267187,8723267190
1773458981848978,8723267197,8723267197
1773458982159266,8723267199,8723267507
1773458982291535,8723267632,8723267639
1773458982376628,8723267715,8723267724
1773458982424671,8723267770,8723267772
1773458982468828,8723267810,8723267817
1773458982510960,8723267859,8723267859
1773458982628266,8723267968,8723267976
1773458982671177,8723268005,8723268019
1773458982741878,8723268087,8723268090
1773458982807302,8723268153,8723268155
1773458982864359,8723268212,8723268212
1773458982960445,8723268296,8723268308
1773458983137557,8723268474,8723268485
1773458983254737,8723268587,8723268602
1773458983315380,8723268648,8723268663
1773458983397156,8723268724,8723268745
1773458983498489,8723268770,8723268846
1773458983502500,8723268850,8723268850
1773458983513420,8723268855,8723268861
1773458983517365,8723268865,8723268865
1773458983560943,8723268898,8723268909
1773458983712316,8723268939,8723269059
1773458983721080,8723269065,8723269069
1773458983756262,8723269073,8723269104
1773458983772029,8723269109,8723269120
1773458983858534,8723269152,8723269206
1773458983889830,8723269210,8723269238
1773458983912405,8723269252,8723269260
1773458983950551,8723269278,8723269298
1773458983983583,8723269304,8723269331
1773458984032105,8723269348,8723269380
1773458984061425,8723269390,8723269409
1773458984100448,8723269433,8723269448
1773458984137540,8723269470,8723269485
1773458984167676,8723269512,8723269515
1773458984263517,8723269555,8723269611
1773458984279326,8723269615,8723269627
1773458984308860,8723269638,8723269656
1773458984370962,8723269699,8723269719
1773458984406784,8723269736,8723269754
1773458984437129,8723269763,8723269785
1773458984486203,8723269822,8723269834
1773458984538898,8723269870,8723269886
1773458984578935,8723269908,8723269927
1773458984629568,8723269940,8723269977
1773458984646926,8723269988,8723269995
1773458984750626,8723270025,8723270098
1773458984761918,8723270102,8723270110
1773458984799499,8723270134,8723270147
1773458984825522,8723270153,8723270173
1773458984852322,8723270182,8723270200
1773458984980947,8723270276,8723270328
1773458985017554,8723270332,8723270365
1773458985023275,8723270371,8723270371
1773458985049727,8723270388,8723270398
1773458985085403,8723270430,8723270433
1773458985179026,8723270472,8723270486
1773458985179129,8723270513,8723270527
1773458985228713,8723270557,8723270576
1773458985257289,8723270596,8723270605
1773458985315810,8723270644,8723270663
1773458985341392,8723270681,8723270689
1773458985426450,8723270755,8723270774
1773458985454351,8723270780,8723270802
1773458985468005,8723270810,8723270816
1773458985582178,8723270869,8723270929
1773458985594344,8723270934,8723270942
1773458985636511,8723270973,8723270984
1773458985782587,8723271110,8723271130
1773458985820369,8723271161,8723271168
1773458985858946,8723271203,8723271207
1773458985952364,8723271239,8723271300
1773458985961479,8723271304,8723271309
1773458985978842,8723271324,8723271327
1773458985990534,8723271330,8723271338
1773458986028251,8723271368,8723271376
1773458986068016,8723271381,8723271416
1773458986175086,8723271421,8723271522
1773458986181124,8723271526,8723271529
1773458986194223,8723271534,8723271542
1773458986214365,8723271545,8723271562
1773458986243021,8723271567,8723271591
1773458986261125,8723271594,8723271609
1773458986384256,8723271623,8723271732
1773458986594770,8723271737,8723271923
1773458986594889,8723271927,8723271941
1773458986620099,8723271951,8723271968
1773458986631754,8723271974,8723271980
1773458986644871,8723271987,8723271993
1773458986680864,8723272009,8723272029
1773458986723599,8723272034,8723272071
1773458986785569,8723272074,8723272133
1773458986813610,8723272137,8723272161
1773458986819711,8723272165,8723272168
1773458986902024,8723272190,8723272249
1773458986910423,8723272258,8723272258
1773458986925079,8723272262,8723272273
1773458986971666,8723272276,8723272319
1773458987113984,8723272323,8723272444
1773458987114104,8723272446,8723272461
1773458987117935,8723272466,8723272466
1773458987131400,8723272471,8723272479
1773458987156052,8723272484,8723272504
1773458987171737,8723272507,8723272519
1773458987193008,8723272523,8723272541
1773458987216477,8723272560,8723272564
1773458987406375,8723272619,8723272753
1773458987410621,8723272758,8723272758
1773458987421738,8723272766,8723272770
1773458987565604,8723272773,8723272913
1773458987573681,8723272921,8723272921
1773458987596408,8723272926,8723272944
1773458987676888,8723272949,8723273024
1773458987687856,8723273036,8723273036
1773458987706366,8723273039,8723273054
1773458987813784,8723273076,8723273161
1773458987820921,8723273169,8723273169
1773458987824978,8723273173,8723273173
1773458987829155,8723273177,8723273177
1773458987853112,8723273193,8723273201
1773458988003480,8723273253,8723273351
1773458988040194,8723273355,8723273388
1773458988057106,8723273394,8723273405
1773458988062815,8723273411,8723273411
1773458988081672,8723273415,8723273429
1773458988113312,8723273458,8723273461
1773458988162970,8723273477,8723273511
1773458988205786,8723273543,8723273554
1773458988257175,8723273582,8723273605
1773458988336017,8723273684,8723273684
1773458988361343,8723273706,8723273709
1773458988401452,8723273729,8723273749
1773458988457845,8723273789,8723273806
1773458988486605,8723273810,8723273834
1773458988494862,8723273839,8723273843
1773458988512134,8723273857,8723273860
1773458988584617,8723273906,8723273932
1773458988593542,8723273938,8723273941
1773458988686414,8723274010,8723274034
1773458988722860,8723274040,8723274070
1773458988768736,8723274113,8723274116
1773458988834575,8723274157,8723274182
1773458988849116,8723274193,8723274197
1773458988902270,8723274246,8723274250
1773458988942828,8723274287,8723274290
1773458988994066,8723274314,8723274342
1773458989066688,8723274383,8723274414
1773458989076372,8723274420,8723274424
1773458989142249,8723274458,8723274490
1773458989203965,8723274515,8723274552
1773458989251870,8723274571,8723274600
1773458989290819,8723274604,8723274638
1773458989317890,8723274645,8723274665
1773458989327204,8723274671,8723274675
1773458989495187,8723274681,8723274842
1773458989622530,8723274850,8723274970
1773458989677643,8723274982,8723275025
1773458989717209,8723275031,8723275065
1773458989770825,8723275076,8723275118
1773458989795595,8723275127,8723275143
1773458989833407,8723275149,8723275181
1773458989866676,8723275185,8723275214
1773458989897917,8723275218,8723275246
1773458989925055,8723275249,8723275273
1773458989948995,8723275278,8723275297
1773458989980963,8723275300,8723275329
1773458990027531,8723275332,8723275375
1773458990060244,8723275379,8723275408
1773458990089635,8723275416,8723275437
1773458990098828,8723275443,8723275447
1773458990135679,8723275450,8723275483
1773458990147843,8723275487,8723275496
1773458990180960,8723275499,8723275529
1773458990188362,8723275533,8723275536
1773458990270301,8723275540,8723275618
1773458990295147,8723275622,8723275643
1773458990304711,8723275649,8723275652
1773458990420518,8723275739,8723275768
1773458990717407,8723276042,8723276065
1773458990771988,8723276096,8723276120
1773458990929707,8723276253,8723276277
1773458990972710,8723276295,8723276320
1773458991038250,8723276324,8723276386
1773458991045801,8723276390,8723276393
1773458991086200,8723276411,8723276434
1773458991117933,8723276439,8723276466
1773458991165510,8723276470,8723276513
1773458991177914,8723276517,8723276526
1773458991294700,8723276529,8723276642
1773458991327956,8723276646,8723276676
1773458991335292,8723276680,8723276683
1773458991364766,8723276687,8723276712
1773458991383888,8723276718,8723276732
1773458991418171,8723276736,8723276766
1773458991460459,8723276770,8723276808
1773458991473511,8723276812,8723276821
1773458991522921,8723276825,8723276870
1773458991534926,8723276875,8723276883
1773458991554084,8723276898,8723276902
1773458991643660,8723276955,8723276991
1773458991683391,8723276997,8723277031
1773458991738789,8723277036,8723277086
1773458991767090,8723277091,8723277115
1773458991799998,8723277119,8723277148
1773458991869978,8723277153,8723277218
1773458991952611,8723277222,8723277300
1773458992035130,8723277305,8723277383
1773458992068985,8723277387,8723277417
1773458992115000,8723277421,8723277463
1773458992140326,8723277467,8723277488
1773458992174834,8723277492,8723277522
1773458992208918,8723277527,8723277557
1773458992217124,8723277561,8723277565
1773458992259159,8723277571,8723277607
1773458992295585,8723277614,8723277643
1773458992304418,8723277648,8723277652
1773458992359413,8723277665,8723277707
1773458992390550,8723277713,8723277738
1773458992430664,8723277745,8723277778
1773458992557844,8723277785,8723277905
1773458992570053,8723277910,8723277918
1773458992581347,8723277924,8723277929
1773458992596539,8723277933,8723277944
1773458992639805,8723277949,8723277987
1773458992696586,8723277992,8723278044
1773458992730896,8723278049,8723278078
1773458992759355,8723278082,8723278107
1773458993135473,8723278111,8723278444
1773458993136748,8723278447,8723278482
1773458993143791,8723278492,8723278492
1773458993183229,8723278497,8723278531
1773458993258144,8723278545,8723278606
1773458993301654,8723278612,8723278649
1773458993314087,8723278656,8723278662
1773458993323861,8723278668,8723278672
1773458993349503,8723278675,8723278697
1773458993370686,8723278701,8723278718
1773458993400149,8723278724,8723278748
1773458993412055,8723278752,8723278760
1773458993444630,8723278763,8723278792
1773458993470797,8723278798,8723278818
1773458993494061,8723278824,8723278842
1773458993530131,8723278845,8723278878
1773458993542138,8723278886,8723278890
1773458993583630,8723278893,8723278931
1773458993614250,8723278935,8723278962
1773458993645785,8723278966,8723278993
1773458993700868,8723279045,8723279049
1773458993718750,8723279052,8723279066
1773458993749994,8723279070,8723279098
1773458993785757,8723279102,8723279133
1773458993813938,8723279138,8723279162
1773458993861311,8723279170,8723279209
1773458993913669,8723279216,8723279261
1773458994068637,8723279266,8723279416
1773458994094696,8723279421,8723279442
1773458994131755,8723279447,8723279479
1773458994175376,8723279486,8723279523
1773458994199616,8723279528,8723279547
1773458994222078,8723279552,8723279570
1773458994250858,8723279574,8723279599
1773458994272499,8723279602,8723279620
1773458994283809,8723279625,8723279631
1773458994328188,8723279635,8723279676
1773458994351149,8723279682,8723279699
1773458994457994,8723279702,8723279806
1773458994479650,8723279810,8723279827
1773458994487346,8723279831,8723279835
1773458994524869,8723279845,8723279873
1773458994534650,8723279877,8723279882
1773458994583968,8723279887,8723279932
1773458994613422,8723279937,8723279961
1773458994646866,8723279966,8723279994
1773458994684541,8723280001,8723280032
1773458994730987,8723280052,8723280079
1773458994851062,8723280083,8723280199
1773458994881493,8723280203,8723280229
1773458994911201,8723280233,8723280259
1773458994922798,8723280267,8723280270
1773458994932609,8723280277,8723280280
1773458994991904,8723280285,8723280340
1773458995164027,8723280344,8723280512
1773458995609310,8723280525,8723280956
1773458995617118,8723280965,8723280965
1773458995636847,8723280973,8723280985
1773458995655020,8723280992,8723281003
1773458995693279,8723281010,8723281041
1773458995713871,8723281046,8723281062
1773458995746067,8723281066,8723281094
1773458995766851,8723281097,8723281115
1773458995802995,8723281127,8723281151
1773458995848740,8723281155,8723281196
1773458995866844,8723281201,8723281215
1773458995889394,8723281218,8723281237
1773458995898483,8723281242,8723281246
1773458995931010,8723281250,8723281279
1773458995975152,8723281283,8723281323
1773458996026134,8723281328,8723281374
1773458996034174,8723281378,8723281382
1773458996079711,8723281388,8723281427
1773458996106518,8723281432,8723281454
1773458996117847,8723281462,8723281466
1773458996129097,8723281469,8723281477
1773458996164105,8723281481,8723281512
1773458996197818,8723281515,8723281545
1773458996314140,8723281549,8723281662
1773458996347867,8723281666,8723281696
1773458996422632,8723281699,8723281770
1773458996427840,8723281776,8723281776
1773458996454150,8723281780,8723281802
1773458996484144,8723281806,8723281832
1773458996530118,8723281840,8723281878
1773458996721071,8723281882,8723282069
1773458996734512,8723282074,8723282082
1773458996779721,8723282087,8723282127
1773458996792365,8723282133,8723282140
1773458996807807,8723282144,8723282155
1773458996855451,8723282160,8723282203
1773458996907535,8723282208,8723282255
1773458996959877,8723282261,8723282307
1773458996977536,8723282312,8723282325
1773458996994802,8723282330,8723282342
1773458997054199,8723282347,8723282402
1773458997072743,8723282407,8723282420
1773458997720381,8723282425,8723283067
1773458997819165,8723283076,8723283167
1773458997851019,8723283174,8723283199
1773458997870827,8723283206,8723283218
1773458997937491,8723283226,8723283285
1773458998008036,8723283292,8723283356
1773458998021372,8723283363,8723283369
1773458998039946,8723283374,8723283388
1773458998079320,8723283392,8723283427
1773458998113617,8723283431,8723283461
1773458998166461,8723283466,8723283514
1773458998182049,8723283518,8723283530
1773458998229818,8723283534,8723283577
1773458998279543,8723283582,8723283627
1773458998321792,8723283632,8723283669
1773458998363928,8723283674,8723283712
1773458998389000,8723283716,8723283737
1773458998409283,8723283741,8723283757
1773458998434066,8723283762,8723283782
1773458998460976,8723283786,8723283809
1773458998479449,8723283813,8723283827
1773458998547586,8723283831,8723283895
1773458998642009,8723283900,8723283990
1773458998689533,8723283994,8723284037
1773458998702965,8723284042,8723284051
1773458998721803,8723284056,8723284069
1773458998744689,8723284074,8723284092
1773458998763125,8723284098,8723284111
1773458998787780,8723284115,8723284136
1773458998797015,8723284141,8723284145
1773458998828100,8723284148,8723284176
1773458998851212,8723284180,8723284199
1773458998870595,8723284202,8723284218
1773458998893909,8723284222,8723284242
1773458998902694,8723284245,8723284250
1773458998922272,8723284254,8723284270
1773458998941896,8723284273,8723284290
1773458998969260,8723284293,8723284317
1773458998975516,8723284320,8723284323
1773458998995288,8723284327,8723284343
1773458999004079,8723284346,8723284352
1773458999053900,8723284356,8723284402
1773458999075449,8723284405,8723284423
1773458999105448,8723284427,8723284453
1773458999126370,8723284457,8723284474
1773458999159376,8723284478,8723284507
1773458999183603,8723284511,8723284531
1773458999207139,8723284537,8723284555
1773458999237096,8723284559,8723284585
1773458999252066,8723284590,8723284600
1773458999339433,8723284604,8723284687
1773458999436710,8723284693,8723284784
1773458999469014,8723284789,8723284817
1773458999489762,8723284821,8723284838
1773458999495180,8723284843,8723284843
1773458999506244,8723284854,8723284854
1773458999654753,8723284978,8723285002
1773458999923135,8723285127,8723285148
1773458999923248,8723285255,8723285271
1773458999987992,8723285329,8723285336
1773459000497054,8723285680,8723285844
1773459000505576,8723285850,8723285853
1773459000516365,8723285857,8723285864
1773459000523277,8723285868,8723285871
1773459000532691,8723285875,8723285881
1773459000583443,8723285928,8723285931
1773459000649065,8723285994,8723285997
1773459000760460,8723286101,8723286108
1773459000841796,8723286182,8723286190
1773459000853252,8723286193,8723286201
1773459000910379,8723286252,8723286258
1773459000920865,8723286261,8723286269
1773459001050259,8723286389,8723286398
1773459001056896,8723286402,8723286405
1773459001083047,8723286425,8723286431
1773459001348654,8723286455,8723286695
1773459001353425,8723286701,8723286701
1773459001358724,8723286707,8723286707
1773459001375963,8723286711,8723286724
1773459001415637,8723286755,8723286763
1773459001433380,8723286768,8723286781
1773459001457461,8723286786,8723286805
1773459001461589,8723286808,8723286809
1773459001489428,8723286812,8723286837
1773459001504456,8723286840,8723286852
1773459001533644,8723286855,8723286881
1773459001588506,8723286884,8723286936
1773459001607732,8723286939,8723286955
1773459001623881,8723286960,8723286971
1773459001660478,8723286975,8723287008
1773459001703317,8723287011,8723287051
1773459001756096,8723287054,8723287104
1773459001763132,8723287107,8723287111
1773459001803335,8723287129,8723287151
1773459001839893,8723287171,8723287188
1773459001880619,8723287192,8723287228
1773459001929141,8723287232,8723287277
1773459001963211,8723287280,8723287311
1773459001999886,8723287314,8723287348
1773459002042409,8723287351,8723287390
1773459002062702,8723287394,8723287410
1773459002093845,8723287422,8723287442
1773459002129916,8723287462,8723287478
1773459002176939,8723287481,8723287525
1773459002226281,8723287528,8723287574
1773459002247673,8723287577,8723287595
1773459002304077,8723287599,8723287652
1773459002318633,8723287655,8723287666
1773459002331769,8723287672,8723287680
1773459002362255,8723287683,8723287710
1773459002431844,8723287713,8723287779
1773459002450441,8723287783,8723287798
1773459002461708,8723287804,8723287809
1773459002497046,8723287812,8723287845
1773459002503382,8723287848,8723287851
1773459002547472,8723287881,8723287895
1773459002603114,8723287899,8723287951
1773459002638349,8723287954,8723287986
1773459002652819,8723287991,8723288000
1773459002685479,8723288022,8723288033
1773459002879878,8723288082,8723288227
1773459003021372,8723288234,8723288243
1773459003317791,8723288249,8723288269
1773459003317925,8723288273,8723288623
1773459003318021,8723288637,8723288646
1773459003318102,8723288651,8723288665
1773459003324474,8723288672,8723288672
1773459003352611,8723288678,8723288700
1773459003366932,8723288704,8723288715
1773459003530979,8723288720,8723288879
1773459003534459,8723288882,8723288882
1773459003568717,8723288891,8723288916
