timestamp,fractionLostRecover,fixedFractionLostRecover,fractionEffectiveFECPkt,fixedFractionEffectiveFECPkt,fixedAverageRecoverTime,fixedAverageRetransmitTime,fixedTimeAheadForRecover,AverageRecoverTime,AverageRetransmitTime,TimeAheadForRecover,recoverPktNumRaw,cumulativeRecoverPkt,retransmitPktNumRaw,cumulativeRetransmitPkt,bothSuccPktNumRaw,cumulativeBothSuccPkt,burstLostNum,cumulativeBurstLostNum,EFR,LRR
1773458898035902,255,255,255,255,0,0,0,0,0,0,0,0,0,0,0,0,0,0,1,1
1773458898035902,255,255,255,255,0,0,0,0,0,0,0,0,0,0,0,0,0,0,1,1
1773458898035902,255,255,255,255,0,0,0,0,0,0,0,0,0,0,0,0,0,0,1,1
1773458898035902,255,255,255,255,0,0,0,0,0,0,0,0,0,0,0,0,0,0,1,1
1773458898035902,255,255,255,255,0,0,0,0,0,0,0,0,0,0,0,0,0,0,1,1
1773458898035902,255,255,255,255,0,0,0,0,0,0,0,0,0,0,0,0,0,0,1,1
1773458898035902,255,255,255,255,0,0,0,0,0,0,0,0,0,0,0,0,0,0,1,1
1773458899227851,0,127,255,255,0,21945,0,0,21945,0,0,0,3,3,0,0,1,1,1,0.498039
1773458899227851,0,127,255,255,0,21945,0,0,21945,0,0,0,3,3,0,0,1,1,1,0.498039
1773458900033575,0,85,255,255,0,47454,0,0,72964,0,0,0,1,4,0,0,0,1,1,0.333333
1773458900033575,0,85,255,255,0,47454,0,0,72964,0,0,0,1,4,0,0,0,1,1,0.333333
1773458900033575,0,85,255,255,0,47454,0,0,72964,0,0,0,1,4,0,0,0,1,1,0.333333
1773458900033575,0,85,255,255,0,47454,0,0,72964,0,0,0,1,4,0,0,0,1,1,0.333333
1773458901367814,0,63,255,255,0,78139,0,0,139509,0,0,0,2,6,0,0,0,1,1,0.247059
1773458901367814,0,63,255,255,0,78139,0,0,139509,0,0,0,2,6,0,0,0,1,1,0.247059
1773458901367814,0,63,255,255,0,78139,0,0,139509,0,0,0,2,6,0,0,0,1,1,0.247059
1773458901367814,0,63,255,255,0,78139,0,0,139509,0,0,0,2,6,0,0,0,1,1,0.247059
1773458901367814,0,63,255,255,0,78139,0,0,139509,0,0,0,2,6,0,0,0,1,1,0.247059
1773458901367814,0,63,255,255,0,78139,0,0,139509,0,0,0,2,6,0,0,0,1,1,0.247059
1773458904635196,0,51,255,255,0,110150,0,0,206183,0,0,0,10,16,0,0,2,3,1,0.2
1773458904635196,0,51,255,255,0,110150,0,0,206183,0,0,0,10,16,0,0,2,3,1,0.2
1773458904635196,0,51,255,255,0,110150,0,0,206183,0,0,0,10,16,0,0,2,3,1,0.2
1773458904635196,0,51,255,255,0,110150,0,0,206183,0,0,0,10,16,0,0,2,3,1,0.2
1773458904635196,0,51,255,255,0,110150,0,0,206183,0,0,0,10,16,0,0,2,3,1,0.2
1773458904635196,0,51,255,255,0,110150,0,0,206183,0,0,0,10,16,0,0,2,3,1,0.2
1773458904635196,0,51,255,255,0,110150,0,0,206183,0,0,0,10,16,0,0,2,3,1,0.2
1773458904635196,0,51,255,255,0,110150,0,0,206183,0,0,0,10,16,0,0,2,3,1,0.2
1773458904635196,0,51,255,255,0,110150,0,0,206183,0,0,0,10,16,0,0,2,3,1,0.2
1773458904635196,0,51,255,255,0,110150,0,0,206183,0,0,0,10,16,0,0,2,3,1,0.2
1773458904635196,0,51,255,255,0,110150,0,0,206183,0,0,0,10,16,0,0,2,3,1,0.2
1773458904635196,0,51,255,255,0,110150,0,0,206183,0,0,0,10,16,0,0,2,3,1,0.2
1773458904635196,0,51,255,255,0,110150,0,0,206183,0,0,0,10,16,0,0,2,3,1,0.2
1773458904635196,0,51,255,255,0,110150,0,0,206183,0,0,0,10,16,0,0,2,3,1,0.2
1773458904635196,0,51,255,255,0,110150,0,0,206183,0,0,0,10,16,0,0,2,3,1,0.2
1773458906017338,0,0,255,255,0,134897,0,0,233887,0,0,0,53,69,0,0,3,6,1,0
1773458906017338,0,0,255,255,0,134897,0,0,233887,0,0,0,53,69,0,0,3,6,1,0
1773458906017338,0,0,255,255,0,134897,0,0,233887,0,0,0,53,69,0,0,3,6,1,0
1773458906017338,0,0,255,255,0,134897,0,0,233887,0,0,0,53,69,0,0,3,6,1,0
1773458906017338,0,0,255,255,0,134897,0,0,233887,0,0,0,53,69,0,0,3,6,1,0
1773458906017338,0,0,255,255,0,134897,0,0,233887,0,0,0,53,69,0,0,3,6,1,0
1773458907218309,0,0,255,255,0,146179,0,0,78354,0,0,0,38,107,0,0,0,6,1,0
1773458907218309,0,0,255,255,0,146179,0,0,78354,0,0,0,38,107,0,0,0,6,1,0
1773458907218309,0,0,255,255,0,146179,0,0,78354,0,0,0,38,107,0,0,0,6,1,0
1773458907218309,0,0,255,255,0,146179,0,0,78354,0,0,0,38,107,0,0,0,6,1,0
1773458907218309,0,0,255,255,0,146179,0,0,78354,0,0,0,38,107,0,0,0,6,1,0
1773458907218309,0,0,255,255,0,146179,0,0,78354,0,0,0,38,107,0,0,0,6,1,0
1773458907218309,0,0,255,255,0,146179,0,0,78354,0,0,0,38,107,0,0,0,6,1,0
1773458907218309,0,0,255,255,0,146179,0,0,78354,0,0,0,38,107,0,0,0,6,1,0
1773458907960215,0,0,255,255,0,135928,0,0,21708,0,0,0,8,115,0,0,0,6,1,0
1773458907960215,0,0,255,255,0,135928,0,0,21708,0,0,0,8,115,0,0,0,6,1,0
1773458907960215,0,0,255,255,0,135928,0,0,21708,0,0,0,8,115,0,0,0,6,1,0
1773458907960215,0,0,255,255,0,135928,0,0,21708,0,0,0,8,115,0,0,0,6,1,0
1773458907960215,0,0,255,255,0,135928,0,0,21708,0,0,0,8,115,0,0,0,6,1,0
1773458907960215,0,0,255,255,0,135928,0,0,21708,0,0,0,8,115,0,0,0,6,1,0
1773458907960215,0,0,255,255,0,135928,0,0,21708,0,0,0,8,115,0,0,0,6,1,0
1773458907960215,0,0,255,255,0,135928,0,0,21708,0,0,0,8,115,0,0,0,6,1,0
1773458907960215,0,0,255,255,0,135928,0,0,21708,0,0,0,8,115,0,0,0,6,1,0
1773458907960215,0,0,255,255,0,135928,0,0,21708,0,0,0,8,115,0,0,0,6,1,0
1773458907960215,0,0,255,255,0,135928,0,0,21708,0,0,0,8,115,0,0,0,6,1,0
1773458907960215,0,0,255,255,0,135928,0,0,21708,0,0,0,8,115,0,0,0,6,1,0
1773458907960215,0,0,255,255,0,135928,0,0,21708,0,0,0,8,115,0,0,0,6,1,0
1773458907960215,0,0,255,255,0,135928,0,0,21708,0,0,0,8,115,0,0,0,6,1,0
1773458907960215,0,0,255,255,0,135928,0,0,21708,0,0,0,8,115,0,0,0,6,1,0
1773458907960215,0,0,255,255,0,135928,0,0,21708,0,0,0,8,115,0,0,0,6,1,0
1773458909520979,0,0,255,255,0,111105,0,0,15394,0,0,0,17,132,0,0,0,6,1,0
1773458909520979,0,0,255,255,0,111105,0,0,15394,0,0,0,17,132,0,0,0,6,1,0
1773458909520979,0,0,255,255,0,111105,0,0,15394,0,0,0,17,132,0,0,0,6,1,0
1773458909520979,0,0,255,255,0,111105,0,0,15394,0,0,0,17,132,0,0,0,6,1,0
1773458909520979,0,0,255,255,0,111105,0,0,15394,0,0,0,17,132,0,0,0,6,1,0
1773458909520979,0,0,255,255,0,111105,0,0,15394,0,0,0,17,132,0,0,0,6,1,0
1773458909520979,0,0,255,255,0,111105,0,0,15394,0,0,0,17,132,0,0,0,6,1,0
1773458909520979,0,0,255,255,0,111105,0,0,15394,0,0,0,17,132,0,0,0,6,1,0
1773458909520979,0,0,255,255,0,111105,0,0,15394,0,0,0,17,132,0,0,0,6,1,0
1773458909520979,0,0,255,255,0,111105,0,0,15394,0,0,0,17,132,0,0,0,6,1,0
1773458909520979,0,0,255,255,0,111105,0,0,15394,0,0,0,17,132,0,0,0,6,1,0
1773458909520979,0,0,255,255,0,111105,0,0,15394,0,0,0,17,132,0,0,0,6,1,0
1773458911044422,0,0,255,255,0,74224,0,0,21778,0,0,0,12,144,0,0,1,7,1,0
1773458911044422,0,0,255,255,0,74224,0,0,21778,0,0,0,12,144,0,0,1,7,1,0
1773458911044422,0,0,255,255,0,74224,0,0,21778,0,0,0,12,144,0,0,1,7,1,0
1773458911044422,0,0,255,255,0,74224,0,0,21778,0,0,0,12,144,0,0,1,7,1,0
1773458911044422,0,0,255,255,0,74224,0,0,21778,0,0,0,12,144,0,0,1,7,1,0
1773458911044422,0,0,255,255,0,74224,0,0,21778,0,0,0,12,144,0,0,1,7,1,0
1773458911044422,0,0,255,255,0,74224,0,0,21778,0,0,0,12,144,0,0,1,7,1,0
1773458911044422,0,0,255,255,0,74224,0,0,21778,0,0,0,12,144,0,0,1,7,1,0
1773458911044422,0,0,255,255,0,74224,0,0,21778,0,0,0,12,144,0,0,1,7,1,0
1773458912074966,0,0,255,255,0,35202,0,0,38777,0,0,0,9,153,0,0,0,7,1,0
1773458912074966,0,0,255,255,0,35202,0,0,38777,0,0,0,9,153,0,0,0,7,1,0
1773458912074966,0,0,255,255,0,35202,0,0,38777,0,0,0,9,153,0,0,0,7,1,0
1773458912074966,0,0,255,255,0,35202,0,0,38777,0,0,0,9,153,0,0,0,7,1,0
1773458912074966,0,0,255,255,0,35202,0,0,38777,0,0,0,9,153,0,0,0,7,1,0
1773458912074966,0,0,255,255,0,35202,0,0,38777,0,0,0,9,153,0,0,0,7,1,0
1773458912074966,0,0,255,255,0,35202,0,0,38777,0,0,0,9,153,0,0,0,7,1,0
1773458912074966,0,0,255,255,0,35202,0,0,38777,0,0,0,9,153,0,0,0,7,1,0
1773458912074966,0,0,255,255,0,35202,0,0,38777,0,0,0,9,153,0,0,0,7,1,0
1773458912074966,0,0,255,255,0,35202,0,0,38777,0,0,0,9,153,0,0,0,7,1,0
1773458912074966,0,0,255,255,0,35202,0,0,38777,0,0,0,9,153,0,0,0,7,1,0
1773458912074966,0,0,255,255,0,35202,0,0,38777,0,0,0,9,153,0,0,0,7,1,0
1773458912074966,0,0,255,255,0,35202,0,0,38777,0,0,0,9,153,0,0,0,7,1,0
1773458912074966,0,0,255,255,0,35202,0,0,38777,0,0,0,9,153,0,0,0,7,1,0
1773458912074966,0,0,255,255,0,35202,0,0,38777,0,0,0,9,153,0,0,0,7,1,0
1773458913647340,0,0,255,255,0,23329,0,0,18990,0,0,0,16,169,0,0,0,7,1,0
1773458913647340,0,0,255,255,0,23329,0,0,18990,0,0,0,16,169,0,0,0,7,1,0
1773458913647340,0,0,255,255,0,23329,0,0,18990,0,0,0,16,169,0,0,0,7,1,0
1773458913647340,0,0,255,255,0,23329,0,0,18990,0,0,0,16,169,0,0,0,7,1,0
1773458913647340,0,0,255,255,0,23329,0,0,18990,0,0,0,16,169,0,0,0,7,1,0
1773458913647340,0,0,255,255,0,23329,0,0,18990,0,0,0,16,169,0,0,0,7,1,0
1773458913647340,0,0,255,255,0,23329,0,0,18990,0,0,0,16,169,0,0,0,7,1,0
1773458913647340,0,0,255,255,0,23329,0,0,18990,0,0,0,16,169,0,0,0,7,1,0
1773458915327780,0,0,255,255,0,23773,0,0,23929,0,0,0,14,183,0,0,1,8,1,0
1773458915327780,0,0,255,255,0,23773,0,0,23929,0,0,0,14,183,0,0,1,8,1,0
1773458915327780,0,0,255,255,0,23773,0,0,23929,0,0,0,14,183,0,0,1,8,1,0
1773458915327780,0,0,255,255,0,23773,0,0,23929,0,0,0,14,183,0,0,1,8,1,0
1773458915327780,0,0,255,255,0,23773,0,0,23929,0,0,0,14,183,0,0,1,8,1,0
1773458915327780,0,0,255,255,0,23773,0,0,23929,0,0,0,14,183,0,0,1,8,1,0
1773458915327780,0,0,255,255,0,23773,0,0,23929,0,0,0,14,183,0,0,1,8,1,0
1773458916000953,0,0,255,255,0,29303,0,0,43045,0,0,0,14,197,0,0,2,10,1,0
1773458916000953,0,0,255,255,0,29303,0,0,43045,0,0,0,14,197,0,0,2,10,1,0
1773458916000953,0,0,255,255,0,29303,0,0,43045,0,0,0,14,197,0,0,2,10,1,0
1773458916000953,0,0,255,255,0,29303,0,0,43045,0,0,0,14,197,0,0,2,10,1,0
1773458916000953,0,0,255,255,0,29303,0,0,43045,0,0,0,14,197,0,0,2,10,1,0
1773458916000953,0,0,255,255,0,29303,0,0,43045,0,0,0,14,197,0,0,2,10,1,0
1773458916000953,0,0,255,255,0,29303,0,0,43045,0,0,0,14,197,0,0,2,10,1,0
1773458916000953,0,0,255,255,0,29303,0,0,43045,0,0,0,14,197,0,0,2,10,1,0
1773458916000953,0,0,255,255,0,29303,0,0,43045,0,0,0,14,197,0,0,2,10,1,0
1773458916000953,0,0,255,255,0,29303,0,0,43045,0,0,0,14,197,0,0,2,10,1,0
1773458916000953,0,0,255,255,0,29303,0,0,43045,0,0,0,14,197,0,0,2,10,1,0
1773458916000953,0,0,255,255,0,29303,0,0,43045,0,0,0,14,197,0,0,2,10,1,0
1773458916000953,0,0,255,255,0,29303,0,0,43045,0,0,0,14,197,0,0,2,10,1,0
1773458916000953,0,0,255,255,0,29303,0,0,43045,0,0,0,14,197,0,0,2,10,1,0
1773458916000953,0,0,255,255,0,29303,0,0,43045,0,0,0,14,197,0,0,2,10,1,0
1773458917466552,0,0,255,255,0,31067,0,0,30598,0,0,0,5,202,0,0,1,11,1,0
1773458917466552,0,0,255,255,0,31067,0,0,30598,0,0,0,5,202,0,0,1,11,1,0
1773458917466552,0,0,255,255,0,31067,0,0,30598,0,0,0,5,202,0,0,1,11,1,0
1773458917466552,0,0,255,255,0,31067,0,0,30598,0,0,0,5,202,0,0,1,11,1,0
1773458917466552,0,0,255,255,0,31067,0,0,30598,0,0,0,5,202,0,0,1,11,1,0
1773458917466552,0,0,255,255,0,31067,0,0,30598,0,0,0,5,202,0,0,1,11,1,0
1773458917466552,0,0,255,255,0,31067,0,0,30598,0,0,0,5,202,0,0,1,11,1,0
1773458917466552,0,0,255,255,0,31067,0,0,30598,0,0,0,5,202,0,0,1,11,1,0
1773458917466552,0,0,255,255,0,31067,0,0,30598,0,0,0,5,202,0,0,1,11,1,0
1773458917466552,0,0,255,255,0,31067,0,0,30598,0,0,0,5,202,0,0,1,11,1,0
1773458917466552,0,0,255,255,0,31067,0,0,30598,0,0,0,5,202,0,0,1,11,1,0
1773458917466552,0,0,255,255,0,31067,0,0,30598,0,0,0,5,202,0,0,1,11,1,0
1773458917466552,0,0,255,255,0,31067,0,0,30598,0,0,0,5,202,0,0,1,11,1,0
1773458917466552,0,0,255,255,0,31067,0,0,30598,0,0,0,5,202,0,0,1,11,1,0
1773458917466552,0,0,255,255,0,31067,0,0,30598,0,0,0,5,202,0,0,1,11,1,0
1773458917466552,0,0,255,255,0,31067,0,0,30598,0,0,0,5,202,0,0,1,11,1,0
1773458917466552,0,0,255,255,0,31067,0,0,30598,0,0,0,5,202,0,0,1,11,1,0
1773458917466552,0,0,255,255,0,31067,0,0,30598,0,0,0,5,202,0,0,1,11,1,0
1773458917466552,0,0,255,255,0,31067,0,0,30598,0,0,0,5,202,0,0,1,11,1,0
1773458917466552,0,0,255,255,0,31067,0,0,30598,0,0,0,5,202,0,0,1,11,1,0
1773458917466552,0,0,255,255,0,31067,0,0,30598,0,0,0,5,202,0,0,1,11,1,0
1773458919565156,0,0,255,255,0,40708,0,0,86982,0,0,0,24,226,0,0,0,11,1,0
1773458919565156,0,0,255,255,0,40708,0,0,86982,0,0,0,24,226,0,0,0,11,1,0
1773458919565156,0,0,255,255,0,40708,0,0,86982,0,0,0,24,226,0,0,0,11,1,0
1773458919565156,0,0,255,255,0,40708,0,0,86982,0,0,0,24,226,0,0,0,11,1,0
1773458919565156,0,0,255,255,0,40708,0,0,86982,0,0,0,24,226,0,0,0,11,1,0
1773458919565156,0,0,255,255,0,40708,0,0,86982,0,0,0,24,226,0,0,0,11,1,0
1773458919565156,0,0,255,255,0,40708,0,0,86982,0,0,0,24,226,0,0,0,11,1,0
1773458919565156,0,0,255,255,0,40708,0,0,86982,0,0,0,24,226,0,0,0,11,1,0
1773458919565156,0,0,255,255,0,40708,0,0,86982,0,0,0,24,226,0,0,0,11,1,0
1773458919565156,0,0,255,255,0,40708,0,0,86982,0,0,0,24,226,0,0,0,11,1,0
1773458919565156,0,0,255,255,0,40708,0,0,86982,0,0,0,24,226,0,0,0,11,1,0
1773458919565156,0,0,255,255,0,40708,0,0,86982,0,0,0,24,226,0,0,0,11,1,0
1773458919565156,0,0,255,255,0,40708,0,0,86982,0,0,0,24,226,0,0,0,11,1,0
1773458919565156,0,0,255,255,0,40708,0,0,86982,0,0,0,24,226,0,0,0,11,1,0
1773458919565156,0,0,255,255,0,40708,0,0,86982,0,0,0,24,226,0,0,0,11,1,0
1773458922523745,0,0,255,255,0,50234,0,0,66617,0,0,0,5,231,0,0,0,11,1,0
1773458922523745,0,0,255,255,0,50234,0,0,66617,0,0,0,5,231,0,0,0,11,1,0
1773458922523745,0,0,255,255,0,50234,0,0,66617,0,0,0,5,231,0,0,0,11,1,0
1773458922523745,0,0,255,255,0,50234,0,0,66617,0,0,0,5,231,0,0,0,11,1,0
1773458922523745,0,0,255,255,0,50234,0,0,66617,0,0,0,5,231,0,0,0,11,1,0
1773458922523745,0,0,255,255,0,50234,0,0,66617,0,0,0,5,231,0,0,0,11,1,0
1773458922523745,0,0,255,255,0,50234,0,0,66617,0,0,0,5,231,0,0,0,11,1,0
1773458922523745,0,0,255,255,0,50234,0,0,66617,0,0,0,5,231,0,0,0,11,1,0
1773458922523745,0,0,255,255,0,50234,0,0,66617,0,0,0,5,231,0,0,0,11,1,0
1773458922523745,0,0,255,255,0,50234,0,0,66617,0,0,0,5,231,0,0,0,11,1,0
1773458922523745,0,0,255,255,0,50234,0,0,66617,0,0,0,5,231,0,0,0,11,1,0
1773458922523745,0,0,255,255,0,50234,0,0,66617,0,0,0,5,231,0,0,0,11,1,0
1773458922523745,0,0,255,255,0,50234,0,0,66617,0,0,0,5,231,0,0,0,11,1,0
1773458922523745,0,0,255,255,0,50234,0,0,66617,0,0,0,5,231,0,0,0,11,1,0
1773458922523745,0,0,255,255,0,50234,0,0,66617,0,0,0,5,231,0,0,0,11,1,0
1773458922523745,0,0,255,255,0,50234,0,0,66617,0,0,0,5,231,0,0,0,11,1,0
1773458922523745,0,0,255,255,0,50234,0,0,66617,0,0,0,5,231,0,0,0,11,1,0
1773458922523745,0,0,255,255,0,50234,0,0,66617,0,0,0,5,231,0,0,0,11,1,0
1773458922523745,0,0,255,255,0,50234,0,0,66617,0,0,0,5,231,0,0,0,11,1,0
1773458922523745,0,0,255,255,0,50234,0,0,66617,0,0,0,5,231,0,0,0,11,1,0
1773458924597081,0,0,255,255,0,48172,0,0,13619,0,0,0,10,241,0,0,0,11,1,0
1773458924597081,0,0,255,255,0,48172,0,0,13619,0,0,0,10,241,0,0,0,11,1,0
1773458924597081,0,0,255,255,0,48172,0,0,13619,0,0,0,10,241,0,0,0,11,1,0
1773458924597081,0,0,255,255,0,48172,0,0,13619,0,0,0,10,241,0,0,0,11,1,0
1773458924597081,0,0,255,255,0,48172,0,0,13619,0,0,0,10,241,0,0,0,11,1,0
1773458924597081,0,0,255,255,0,48172,0,0,13619,0,0,0,10,241,0,0,0,11,1,0
1773458924597081,0,0,255,255,0,48172,0,0,13619,0,0,0,10,241,0,0,0,11,1,0
1773458925287066,0,0,255,255,0,42117,0,0,12771,0,0,0,6,247,0,0,1,12,1,0
1773458925287066,0,0,255,255,0,42117,0,0,12771,0,0,0,6,247,0,0,1,12,1,0
1773458925287066,0,0,255,255,0,42117,0,0,12771,0,0,0,6,247,0,0,1,12,1,0
1773458925287066,0,0,255,255,0,42117,0,0,12771,0,0,0,6,247,0,0,1,12,1,0
1773458925287066,0,0,255,255,0,42117,0,0,12771,0,0,0,6,247,0,0,1,12,1,0
1773458925287066,0,0,255,255,0,42117,0,0,12771,0,0,0,6,247,0,0,1,12,1,0
1773458925953270,0,0,255,255,0,38701,0,0,13517,0,0,0,8,255,0,0,0,12,1,0
1773458925953270,0,0,255,255,0,38701,0,0,13517,0,0,0,8,255,0,0,0,12,1,0
1773458925953270,0,0,255,255,0,38701,0,0,13517,0,0,0,8,255,0,0,0,12,1,0
1773458925953270,0,0,255,255,0,38701,0,0,13517,0,0,0,8,255,0,0,0,12,1,0
1773458925953270,0,0,255,255,0,38701,0,0,13517,0,0,0,8,255,0,0,0,12,1,0
1773458925953270,0,0,255,255,0,38701,0,0,13517,0,0,0,8,255,0,0,0,12,1,0
1773458925953270,0,0,255,255,0,38701,0,0,13517,0,0,0,8,255,0,0,0,12,1,0
1773458925953270,0,0,255,255,0,38701,0,0,13517,0,0,0,8,255,0,0,0,12,1,0
1773458925953270,0,0,255,255,0,38701,0,0,13517,0,0,0,8,255,0,0,0,12,1,0
1773458925953270,0,0,255,255,0,38701,0,0,13517,0,0,0,8,255,0,0,0,12,1,0
1773458925953270,0,0,255,255,0,38701,0,0,13517,0,0,0,8,255,0,0,0,12,1,0
1773458925953270,0,0,255,255,0,38701,0,0,13517,0,0,0,8,255,0,0,0,12,1,0
1773458925953270,0,0,255,255,0,38701,0,0,13517,0,0,0,8,255,0,0,0,12,1,0
1773458925953270,0,0,255,255,0,38701,0,0,13517,0,0,0,8,255,0,0,0,12,1,0
1773458925953270,0,0,255,255,0,38701,0,0,13517,0,0,0,8,255,0,0,0,12,1,0
1773458927409818,0,0,255,255,0,23883,0,0,12893,0,0,0,18,273,0,0,0,12,1,0
1773458927409818,0,0,255,255,0,23883,0,0,12893,0,0,0,18,273,0,0,0,12,1,0
1773458927409818,0,0,255,255,0,23883,0,0,12893,0,0,0,18,273,0,0,0,12,1,0
1773458927409818,0,0,255,255,0,23883,0,0,12893,0,0,0,18,273,0,0,0,12,1,0
1773458927409818,0,0,255,255,0,23883,0,0,12893,0,0,0,18,273,0,0,0,12,1,0
1773458927409818,0,0,255,255,0,23883,0,0,12893,0,0,0,18,273,0,0,0,12,1,0
1773458927409818,0,0,255,255,0,23883,0,0,12893,0,0,0,18,273,0,0,0,12,1,0
1773458927409818,0,0,255,255,0,23883,0,0,12893,0,0,0,18,273,0,0,0,12,1,0
1773458927409818,0,0,255,255,0,23883,0,0,12893,0,0,0,18,273,0,0,0,12,1,0
1773458927409818,0,0,255,255,0,23883,0,0,12893,0,0,0,18,273,0,0,0,12,1,0
1773458927409818,0,0,255,255,0,23883,0,0,12893,0,0,0,18,273,0,0,0,12,1,0
1773458927409818,0,0,255,255,0,23883,0,0,12893,0,0,0,18,273,0,0,0,12,1,0
1773458927409818,0,0,255,255,0,23883,0,0,12893,0,0,0,18,273,0,0,0,12,1,0
1773458927409818,0,0,255,255,0,23883,0,0,12893,0,0,0,18,273,0,0,0,12,1,0
1773458928784290,0,0,255,255,0,13457,0,0,14487,0,0,0,10,283,0,0,2,14,1,0
1773458928784290,0,0,255,255,0,13457,0,0,14487,0,0,0,10,283,0,0,2,14,1,0
1773458928784290,0,0,255,255,0,13457,0,0,14487,0,0,0,10,283,0,0,2,14,1,0
1773458928784290,0,0,255,255,0,13457,0,0,14487,0,0,0,10,283,0,0,2,14,1,0
1773458928784290,0,0,255,255,0,13457,0,0,14487,0,0,0,10,283,0,0,2,14,1,0
1773458928784290,0,0,255,255,0,13457,0,0,14487,0,0,0,10,283,0,0,2,14,1,0
1773458928784290,0,0,255,255,0,13457,0,0,14487,0,0,0,10,283,0,0,2,14,1,0
1773458928784290,0,0,255,255,0,13457,0,0,14487,0,0,0,10,283,0,0,2,14,1,0
1773458928784290,0,0,255,255,0,13457,0,0,14487,0,0,0,10,283,0,0,2,14,1,0
1773458928784290,0,0,255,255,0,13457,0,0,14487,0,0,0,10,283,0,0,2,14,1,0
1773458928784290,0,0,255,255,0,13457,0,0,14487,0,0,0,10,283,0,0,2,14,1,0
1773458928784290,0,0,255,255,0,13457,0,0,14487,0,0,0,10,283,0,0,2,14,1,0
1773458930532444,0,0,255,255,0,14148,0,0,17073,0,0,0,13,296,0,0,1,15,1,0
1773458930532444,0,0,255,255,0,14148,0,0,17073,0,0,0,13,296,0,0,1,15,1,0
1773458930532444,0,0,255,255,0,14148,0,0,17073,0,0,0,13,296,0,0,1,15,1,0
1773458930532444,0,0,255,255,0,14148,0,0,17073,0,0,0,13,296,0,0,1,15,1,0
1773458930532444,0,0,255,255,0,14148,0,0,17073,0,0,0,13,296,0,0,1,15,1,0
1773458930532444,0,0,255,255,0,14148,0,0,17073,0,0,0,13,296,0,0,1,15,1,0
1773458930532444,0,0,255,255,0,14148,0,0,17073,0,0,0,13,296,0,0,1,15,1,0
1773458930532444,0,0,255,255,0,14148,0,0,17073,0,0,0,13,296,0,0,1,15,1,0
1773458930532444,0,0,255,255,0,14148,0,0,17073,0,0,0,13,296,0,0,1,15,1,0
1773458930532444,0,0,255,255,0,14148,0,0,17073,0,0,0,13,296,0,0,1,15,1,0
1773458931527961,0,0,255,255,0,17525,0,0,29659,0,0,0,7,303,0,0,0,15,1,0
1773458931527961,0,0,255,255,0,17525,0,0,29659,0,0,0,7,303,0,0,0,15,1,0
1773458931527961,0,0,255,255,0,17525,0,0,29659,0,0,0,7,303,0,0,0,15,1,0
1773458931527961,0,0,255,255,0,17525,0,0,29659,0,0,0,7,303,0,0,0,15,1,0
1773458931527961,0,0,255,255,0,17525,0,0,29659,0,0,0,7,303,0,0,0,15,1,0
1773458931527961,0,0,255,255,0,17525,0,0,29659,0,0,0,7,303,0,0,0,15,1,0
1773458931527961,0,0,255,255,0,17525,0,0,29659,0,0,0,7,303,0,0,0,15,1,0
1773458931527961,0,0,255,255,0,17525,0,0,29659,0,0,0,7,303,0,0,0,15,1,0
1773458931527961,0,0,255,255,0,17525,0,0,29659,0,0,0,7,303,0,0,0,15,1,0
1773458931527961,0,0,255,255,0,17525,0,0,29659,0,0,0,7,303,0,0,0,15,1,0
1773458931527961,0,0,255,255,0,17525,0,0,29659,0,0,0,7,303,0,0,0,15,1,0
1773458932713016,0,0,255,255,0,18172,0,0,16751,0,0,0,15,318,0,0,0,15,1,0
1773458932713016,0,0,255,255,0,18172,0,0,16751,0,0,0,15,318,0,0,0,15,1,0
1773458932713016,0,0,255,255,0,18172,0,0,16751,0,0,0,15,318,0,0,0,15,1,0
1773458932713016,0,0,255,255,0,18172,0,0,16751,0,0,0,15,318,0,0,0,15,1,0
1773458932713016,0,0,255,255,0,18172,0,0,16751,0,0,0,15,318,0,0,0,15,1,0
1773458932713016,0,0,255,255,0,18172,0,0,16751,0,0,0,15,318,0,0,0,15,1,0
1773458932713016,0,0,255,255,0,18172,0,0,16751,0,0,0,15,318,0,0,0,15,1,0
1773458932713016,0,0,255,255,0,18172,0,0,16751,0,0,0,15,318,0,0,0,15,1,0
1773458932713016,0,0,255,255,0,18172,0,0,16751,0,0,0,15,318,0,0,0,15,1,0
1773458932713016,0,0,255,255,0,18172,0,0,16751,0,0,0,15,318,0,0,0,15,1,0
1773458932713016,0,0,255,255,0,18172,0,0,16751,0,0,0,15,318,0,0,0,15,1,0
1773458932713016,0,0,255,255,0,18172,0,0,16751,0,0,0,15,318,0,0,0,15,1,0
1773458932713016,0,0,255,255,0,18172,0,0,16751,0,0,0,15,318,0,0,0,15,1,0
1773458932713016,0,0,255,255,0,18172,0,0,16751,0,0,0,15,318,0,0,0,15,1,0
1773458932713016,0,0,255,255,0,18172,0,0,16751,0,0,0,15,318,0,0,0,15,1,0
1773458932713016,0,0,255,255,0,18172,0,0,16751,0,0,0,15,318,0,0,0,15,1,0
1773458932713016,0,0,255,255,0,18172,0,0,16751,0,0,0,15,318,0,0,0,15,1,0
1773458934385032,0,0,255,255,0,26200,0,0,53031,0,0,0,15,333,0,0,0,15,1,0
1773458934385032,0,0,255,255,0,26200,0,0,53031,0,0,0,15,333,0,0,0,15,1,0
1773458934385032,0,0,255,255,0,26200,0,0,53031,0,0,0,15,333,0,0,0,15,1,0
1773458934385032,0,0,255,255,0,26200,0,0,53031,0,0,0,15,333,0,0,0,15,1,0
1773458934385032,0,0,255,255,0,26200,0,0,53031,0,0,0,15,333,0,0,0,15,1,0
1773458934385032,0,0,255,255,0,26200,0,0,53031,0,0,0,15,333,0,0,0,15,1,0
1773458934385032,0,0,255,255,0,26200,0,0,53031,0,0,0,15,333,0,0,0,15,1,0
1773458934385032,0,0,255,255,0,26200,0,0,53031,0,0,0,15,333,0,0,0,15,1,0
1773458934385032,0,0,255,255,0,26200,0,0,53031,0,0,0,15,333,0,0,0,15,1,0
1773458934385032,0,0,255,255,0,26200,0,0,53031,0,0,0,15,333,0,0,0,15,1,0
1773458934385032,0,0,255,255,0,26200,0,0,53031,0,0,0,15,333,0,0,0,15,1,0
1773458934385032,0,0,255,255,0,26200,0,0,53031,0,0,0,15,333,0,0,0,15,1,0
1773458934385032,0,0,255,255,0,26200,0,0,53031,0,0,0,15,333,0,0,0,15,1,0
1773458936128304,0,0,255,255,0,27902,0,0,22999,0,0,0,14,347,0,0,1,16,1,0
1773458936128304,0,0,255,255,0,27902,0,0,22999,0,0,0,14,347,0,0,1,16,1,0
1773458936128304,0,0,255,255,0,27902,0,0,22999,0,0,0,14,347,0,0,1,16,1,0
1773458936128304,0,0,255,255,0,27902,0,0,22999,0,0,0,14,347,0,0,1,16,1,0
1773458936128304,0,0,255,255,0,27902,0,0,22999,0,0,0,14,347,0,0,1,16,1,0
1773458936128304,0,0,255,255,0,27902,0,0,22999,0,0,0,14,347,0,0,1,16,1,0
1773458936984358,0,0,255,255,0,27902,0,0,0,0,0,0,0,347,0,0,1,17,1,0
1773458936984358,0,0,255,255,0,27902,0,0,0,0,0,0,0,347,0,0,1,17,1,0
1773458936984358,0,0,255,255,0,27902,0,0,0,0,0,0,0,347,0,0,1,17,1,0
1773458936984358,0,0,255,255,0,27902,0,0,0,0,0,0,0,347,0,0,1,17,1,0
1773458936984358,0,0,255,255,0,27902,0,0,0,0,0,0,0,347,0,0,1,17,1,0
1773458936984358,0,0,255,255,0,27902,0,0,0,0,0,0,0,347,0,0,1,17,1,0
1773458936984358,0,0,255,255,0,27902,0,0,0,0,0,0,0,347,0,0,1,17,1,0
1773458936984358,0,0,255,255,0,27902,0,0,0,0,0,0,0,347,0,0,1,17,1,0
1773458936984358,0,0,255,255,0,27902,0,0,0,0,0,0,0,347,0,0,1,17,1,0
1773458936984358,0,0,255,255,0,27902,0,0,0,0,0,0,0,347,0,0,1,17,1,0
1773458937995816,0,0,255,255,0,37856,0,0,66841,0,0,0,21,368,0,0,0,17,1,0
1773458937995816,0,0,255,255,0,37856,0,0,66841,0,0,0,21,368,0,0,0,17,1,0
1773458937995816,0,0,255,255,0,37856,0,0,66841,0,0,0,21,368,0,0,0,17,1,0
1773458937995816,0,0,255,255,0,37856,0,0,66841,0,0,0,21,368,0,0,0,17,1,0
1773458937995816,0,0,255,255,0,37856,0,0,66841,0,0,0,21,368,0,0,0,17,1,0
1773458937995816,0,0,255,255,0,37856,0,0,66841,0,0,0,21,368,0,0,0,17,1,0
1773458937995816,0,0,255,255,0,37856,0,0,66841,0,0,0,21,368,0,0,0,17,1,0
1773458937995816,0,0,255,255,0,37856,0,0,66841,0,0,0,21,368,0,0,0,17,1,0
1773458937995816,0,0,255,255,0,37856,0,0,66841,0,0,0,21,368,0,0,0,17,1,0
1773458937995816,0,0,255,255,0,37856,0,0,66841,0,0,0,21,368,0,0,0,17,1,0
1773458937995816,0,0,255,255,0,37856,0,0,66841,0,0,0,21,368,0,0,0,17,1,0
1773458937995816,0,0,255,255,0,37856,0,0,66841,0,0,0,21,368,0,0,0,17,1,0
1773458937995816,0,0,255,255,0,37856,0,0,66841,0,0,0,21,368,0,0,0,17,1,0
1773458939311821,0,0,255,255,0,40429,0,0,42525,0,0,0,16,384,0,0,0,17,1,0
1773458939311821,0,0,255,255,0,40429,0,0,42525,0,0,0,16,384,0,0,0,17,1,0
1773458939311821,0,0,255,255,0,40429,0,0,42525,0,0,0,16,384,0,0,0,17,1,0
1773458939311821,0,0,255,255,0,40429,0,0,42525,0,0,0,16,384,0,0,0,17,1,0
1773458939311821,0,0,255,255,0,40429,0,0,42525,0,0,0,16,384,0,0,0,17,1,0
1773458939311821,0,0,255,255,0,40429,0,0,42525,0,0,0,16,384,0,0,0,17,1,0
1773458939311821,0,0,255,255,0,40429,0,0,42525,0,0,0,16,384,0,0,0,17,1,0
1773458939311821,0,0,255,255,0,40429,0,0,42525,0,0,0,16,384,0,0,0,17,1,0
1773458939311821,0,0,255,255,0,40429,0,0,42525,0,0,0,16,384,0,0,0,17,1,0
1773458939311821,0,0,255,255,0,40429,0,0,42525,0,0,0,16,384,0,0,0,17,1,0
1773458939311821,0,0,255,255,0,40429,0,0,42525,0,0,0,16,384,0,0,0,17,1,0
1773458939311821,0,0,255,255,0,40429,0,0,42525,0,0,0,16,384,0,0,0,17,1,0
1773458940728436,0,0,255,255,0,41415,0,0,21680,0,0,0,7,391,0,0,0,17,1,0
1773458940728436,0,0,255,255,0,41415,0,0,21680,0,0,0,7,391,0,0,0,17,1,0
1773458940728436,0,0,255,255,0,41415,0,0,21680,0,0,0,7,391,0,0,0,17,1,0
1773458940728436,0,0,255,255,0,41415,0,0,21680,0,0,0,7,391,0,0,0,17,1,0
1773458940728436,0,0,255,255,0,41415,0,0,21680,0,0,0,7,391,0,0,0,17,1,0
1773458940728436,0,0,255,255,0,41415,0,0,21680,0,0,0,7,391,0,0,0,17,1,0
1773458940728436,0,0,255,255,0,41415,0,0,21680,0,0,0,7,391,0,0,0,17,1,0
1773458940728436,0,0,255,255,0,41415,0,0,21680,0,0,0,7,391,0,0,0,17,1,0
1773458940728436,0,0,255,255,0,41415,0,0,21680,0,0,0,7,391,0,0,0,17,1,0
1773458940728436,0,0,255,255,0,41415,0,0,21680,0,0,0,7,391,0,0,0,17,1,0
1773458940728436,0,0,255,255,0,41415,0,0,21680,0,0,0,7,391,0,0,0,17,1,0
1773458940728436,0,0,255,255,0,41415,0,0,21680,0,0,0,7,391,0,0,0,17,1,0
1773458940728436,0,0,255,255,0,41415,0,0,21680,0,0,0,7,391,0,0,0,17,1,0
1773458940728436,0,0,255,255,0,41415,0,0,21680,0,0,0,7,391,0,0,0,17,1,0
1773458940728436,0,0,255,255,0,41415,0,0,21680,0,0,0,7,391,0,0,0,17,1,0
1773458940728436,0,0,255,255,0,41415,0,0,21680,0,0,0,7,391,0,0,0,17,1,0
1773458940728436,0,0,255,255,0,41415,0,0,21680,0,0,0,7,391,0,0,0,17,1,0
1773458940728436,0,0,255,255,0,41415,0,0,21680,0,0,0,7,391,0,0,0,17,1,0
1773458940728436,0,0,255,255,0,41415,0,0,21680,0,0,0,7,391,0,0,0,17,1,0
1773458944262538,0,0,255,255,0,41558,0,0,53745,0,0,0,5,396,0,0,1,18,1,0
1773458944262538,0,0,255,255,0,41558,0,0,53745,0,0,0,5,396,0,0,1,18,1,0
1773458944262538,0,0,255,255,0,41558,0,0,53745,0,0,0,5,396,0,0,1,18,1,0
1773458944262538,0,0,255,255,0,41558,0,0,53745,0,0,0,5,396,0,0,1,18,1,0
1773458944262538,0,0,255,255,0,41558,0,0,53745,0,0,0,5,396,0,0,1,18,1,0
1773458944262538,0,0,255,255,0,41558,0,0,53745,0,0,0,5,396,0,0,1,18,1,0
1773458944262538,0,0,255,255,0,41558,0,0,53745,0,0,0,5,396,0,0,1,18,1,0
1773458944262538,0,0,255,255,0,41558,0,0,53745,0,0,0,5,396,0,0,1,18,1,0
1773458944262538,0,0,255,255,0,41558,0,0,53745,0,0,0,5,396,0,0,1,18,1,0
1773458944262538,0,0,255,255,0,41558,0,0,53745,0,0,0,5,396,0,0,1,18,1,0
1773458944262538,0,0,255,255,0,41558,0,0,53745,0,0,0,5,396,0,0,1,18,1,0
1773458944262538,0,0,255,255,0,41558,0,0,53745,0,0,0,5,396,0,0,1,18,1,0
1773458944262538,0,0,255,255,0,41558,0,0,53745,0,0,0,5,396,0,0,1,18,1,0
1773458944262538,0,0,255,255,0,41558,0,0,53745,0,0,0,5,396,0,0,1,18,1,0
1773458944262538,0,0,255,255,0,41558,0,0,53745,0,0,0,5,396,0,0,1,18,1,0
1773458944262538,0,0,255,255,0,41558,0,0,53745,0,0,0,5,396,0,0,1,18,1,0
1773458944262538,0,0,255,255,0,41558,0,0,53745,0,0,0,5,396,0,0,1,18,1,0
1773458944262538,0,0,255,255,0,41558,0,0,53745,0,0,0,5,396,0,0,1,18,1,0
1773458944262538,0,0,255,255,0,41558,0,0,53745,0,0,0,5,396,0,0,1,18,1,0
1773458944262538,0,0,255,255,0,41558,0,0,53745,0,0,0,5,396,0,0,1,18,1,0
1773458944262538,0,0,255,255,0,41558,0,0,53745,0,0,0,5,396,0,0,1,18,1,0
1773458944262538,0,0,255,255,0,41558,0,0,53745,0,0,0,5,396,0,0,1,18,1,0
1773458944262538,0,0,255,255,0,41558,0,0,53745,0,0,0,5,396,0,0,1,18,1,0
1773458944262538,0,0,255,255,0,41558,0,0,53745,0,0,0,5,396,0,0,1,18,1,0
1773458944262538,0,0,255,255,0,41558,0,0,53745,0,0,0,5,396,0,0,1,18,1,0
1773458944262538,0,0,255,255,0,41558,0,0,53745,0,0,0,5,396,0,0,1,18,1,0
1773458944262538,0,0,255,255,0,41558,0,0,53745,0,0,0,5,396,0,0,1,18,1,0
1773458944262538,0,0,255,255,0,41558,0,0,53745,0,0,0,5,396,0,0,1,18,1,0
1773458944262538,0,0,255,255,0,41558,0,0,53745,0,0,0,5,396,0,0,1,18,1,0
1773458944262538,0,0,255,255,0,41558,0,0,53745,0,0,0,5,396,0,0,1,18,1,0
1773458944262538,0,0,255,255,0,41558,0,0,53745,0,0,0,5,396,0,0,1,18,1,0
1773458944262538,0,0,255,255,0,41558,0,0,53745,0,0,0,5,396,0,0,1,18,1,0
1773458944262538,0,0,255,255,0,41558,0,0,53745,0,0,0,5,396,0,0,1,18,1,0
1773458944262538,0,0,255,255,0,41558,0,0,53745,0,0,0,5,396,0,0,1,18,1,0
1773458944262538,0,0,255,255,0,41558,0,0,53745,0,0,0,5,396,0,0,1,18,1,0
1773458944262538,0,0,255,255,0,41558,0,0,53745,0,0,0,5,396,0,0,1,18,1,0
1773458944262538,0,0,255,255,0,41558,0,0,53745,0,0,0,5,396,0,0,1,18,1,0
1773458944262538,0,0,255,255,0,41558,0,0,53745,0,0,0,5,396,0,0,1,18,1,0
1773458944262538,0,0,255,255,0,41558,0,0,53745,0,0,0,5,396,0,0,1,18,1,0
1773458944262538,0,0,255,255,0,41558,0,0,53745,0,0,0,5,396,0,0,1,18,1,0
1773458944262538,0,0,255,255,0,41558,0,0,53745,0,0,0,5,396,0,0,1,18,1,0
1773458955693617,0,0,255,255,0,673326,0,0,673326,0,0,0,7,7,0,0,8,8,1,0
1773458955693617,0,0,255,255,0,673326,0,0,673326,0,0,0,7,7,0,0,8,8,1,0
1773458955693617,0,0,255,255,0,673326,0,0,673326,0,0,0,7,7,0,0,8,8,1,0
1773458955693617,0,0,255,255,0,673326,0,0,673326,0,0,0,7,7,0,0,8,8,1,0
1773458955693617,0,0,255,255,0,673326,0,0,673326,0,0,0,7,7,0,0,8,8,1,0
1773458955693617,0,0,255,255,0,673326,0,0,673326,0,0,0,7,7,0,0,8,8,1,0
1773458955693617,0,0,255,255,0,673326,0,0,673326,0,0,0,7,7,0,0,8,8,1,0
1773458955693617,0,0,255,255,0,673326,0,0,673326,0,0,0,7,7,0,0,8,8,1,0
1773458955693617,0,0,255,255,0,673326,0,0,673326,0,0,0,7,7,0,0,8,8,1,0
1773458955693617,0,0,255,255,0,673326,0,0,673326,0,0,0,7,7,0,0,8,8,1,0
1773458955693617,0,0,255,255,0,673326,0,0,673326,0,0,0,7,7,0,0,8,8,1,0
1773458955693617,0,0,255,255,0,673326,0,0,673326,0,0,0,7,7,0,0,8,8,1,0
1773458955693617,0,0,255,255,0,673326,0,0,673326,0,0,0,7,7,0,0,8,8,1,0
1773458955693617,0,0,255,255,0,673326,0,0,673326,0,0,0,7,7,0,0,8,8,1,0
1773458955693617,0,0,255,255,0,673326,0,0,673326,0,0,0,7,7,0,0,8,8,1,0
1773458955693617,0,0,255,255,0,673326,0,0,673326,0,0,0,7,7,0,0,8,8,1,0
1773458955693617,0,0,255,255,0,673326,0,0,673326,0,0,0,7,7,0,0,8,8,1,0
1773458955693617,0,0,255,255,0,673326,0,0,673326,0,0,0,7,7,0,0,8,8,1,0
1773458955693617,0,0,255,255,0,673326,0,0,673326,0,0,0,7,7,0,0,8,8,1,0
1773458955693617,0,0,255,255,0,673326,0,0,673326,0,0,0,7,7,0,0,8,8,1,0
1773458955693617,0,0,255,255,0,673326,0,0,673326,0,0,0,7,7,0,0,8,8,1,0
1773458955693617,0,0,255,255,0,673326,0,0,673326,0,0,0,7,7,0,0,8,8,1,0
1773458955693617,0,0,255,255,0,673326,0,0,673326,0,0,0,7,7,0,0,8,8,1,0
1773458955693617,0,0,255,255,0,673326,0,0,673326,0,0,0,7,7,0,0,8,8,1,0
1773458955693617,0,0,255,255,0,673326,0,0,673326,0,0,0,7,7,0,0,8,8,1,0
1773458955693617,0,0,255,255,0,673326,0,0,673326,0,0,0,7,7,0,0,8,8,1,0
1773458955693617,0,0,255,255,0,673326,0,0,673326,0,0,0,7,7,0,0,8,8,1,0
1773458955693617,0,0,255,255,0,673326,0,0,673326,0,0,0,7,7,0,0,8,8,1,0
1773458955693617,0,0,255,255,0,673326,0,0,673326,0,0,0,7,7,0,0,8,8,1,0
1773458955693617,0,0,255,255,0,673326,0,0,673326,0,0,0,7,7,0,0,8,8,1,0
1773458955693617,0,0,255,255,0,673326,0,0,673326,0,0,0,7,7,0,0,8,8,1,0
1773458955693617,0,0,255,255,0,673326,0,0,673326,0,0,0,7,7,0,0,8,8,1,0
1773458955693617,0,0,255,255,0,673326,0,0,673326,0,0,0,7,7,0,0,8,8,1,0
1773458955693617,0,0,255,255,0,673326,0,0,673326,0,0,0,7,7,0,0,8,8,1,0
1773458955693617,0,0,255,255,0,673326,0,0,673326,0,0,0,7,7,0,0,8,8,1,0
1773458955693617,0,0,255,255,0,673326,0,0,673326,0,0,0,7,7,0,0,8,8,1,0
1773458955693617,0,0,255,255,0,673326,0,0,673326,0,0,0,7,7,0,0,8,8,1,0
1773458955693617,0,0,255,255,0,673326,0,0,673326,0,0,0,7,7,0,0,8,8,1,0
1773458955693617,0,0,255,255,0,673326,0,0,673326,0,0,0,7,7,0,0,8,8,1,0
1773458955693617,0,0,255,255,0,673326,0,0,673326,0,0,0,7,7,0,0,8,8,1,0
1773458955693617,0,0,255,255,0,673326,0,0,673326,0,0,0,7,7,0,0,8,8,1,0
1773458955693617,0,0,255,255,0,673326,0,0,673326,0,0,0,7,7,0,0,8,8,1,0
1773458955693617,0,0,255,255,0,673326,0,0,673326,0,0,0,7,7,0,0,8,8,1,0
1773458955693617,0,0,255,255,0,673326,0,0,673326,0,0,0,7,7,0,0,8,8,1,0
1773458955693617,0,0,255,255,0,673326,0,0,673326,0,0,0,7,7,0,0,8,8,1,0
1773458955693617,0,0,255,255,0,673326,0,0,673326,0,0,0,7,7,0,0,8,8,1,0
1773458955693617,0,0,255,255,0,673326,0,0,673326,0,0,0,7,7,0,0,8,8,1,0
1773458955693617,0,0,255,255,0,673326,0,0,673326,0,0,0,7,7,0,0,8,8,1,0
1773458955693617,0,0,255,255,0,673326,0,0,673326,0,0,0,7,7,0,0,8,8,1,0
1773458955693617,0,0,255,255,0,673326,0,0,673326,0,0,0,7,7,0,0,8,8,1,0
1773458955693617,0,0,255,255,0,673326,0,0,673326,0,0,0,7,7,0,0,8,8,1,0
1773458955693617,0,0,255,255,0,673326,0,0,673326,0,0,0,7,7,0,0,8,8,1,0
1773458955693617,0,0,255,255,0,673326,0,0,673326,0,0,0,7,7,0,0,8,8,1,0
1773458961008744,0,0,255,255,0,576732,0,0,576732,0,0,0,136,136,0,0,1,1,1,0
1773458961008744,0,0,255,255,0,576732,0,0,576732,0,0,0,136,136,0,0,1,1,1,0
1773458961008744,0,0,255,255,0,576732,0,0,576732,0,0,0,136,136,0,0,1,1,1,0
1773458961008744,0,0,255,255,0,576732,0,0,576732,0,0,0,136,136,0,0,1,1,1,0
1773458961008744,0,0,255,255,0,576732,0,0,576732,0,0,0,136,136,0,0,1,1,1,0
1773458963327257,0,0,255,255,0,394873,0,0,213014,0,0,0,73,209,0,0,1,2,1,0
1773458963327257,0,0,255,255,0,394873,0,0,213014,0,0,0,73,209,0,0,1,2,1,0
1773458963770619,255,85,255,255,0,394873,0,0,0,0,0,0,0,209,0,0,0,2,1,0.333333
1773458963770619,255,85,255,255,0,394873,0,0,0,0,0,0,0,209,0,0,0,2,1,0.333333
1773458963998241,0,63,255,255,0,313994,0,0,152236,0,0,0,3,212,0,0,2,4,1,0.247059
1773458963998241,0,63,255,255,0,313994,0,0,152236,0,0,0,3,212,0,0,2,4,1,0.247059
1773458963998241,0,63,255,255,0,313994,0,0,152236,0,0,0,3,212,0,0,2,4,1,0.247059
1773458963998241,0,63,255,255,0,313994,0,0,152236,0,0,0,3,212,0,0,2,4,1,0.247059
1773458963998241,0,63,255,255,0,313994,0,0,152236,0,0,0,3,212,0,0,2,4,1,0.247059
1773458963998241,0,63,255,255,0,313994,0,0,152236,0,0,0,3,212,0,0,2,4,1,0.247059
1773458963998241,0,63,255,255,0,313994,0,0,152236,0,0,0,3,212,0,0,2,4,1,0.247059
1773458963998241,0,63,255,255,0,313994,0,0,152236,0,0,0,3,212,0,0,2,4,1,0.247059
1773458963998241,0,63,255,255,0,313994,0,0,152236,0,0,0,3,212,0,0,2,4,1,0.247059
1773458963998241,0,63,255,255,0,313994,0,0,152236,0,0,0,3,212,0,0,2,4,1,0.247059
1773458963998241,0,63,255,255,0,313994,0,0,152236,0,0,0,3,212,0,0,2,4,1,0.247059
1773458966666515,0,51,255,255,0,245826,0,0,41323,0,0,0,19,231,0,0,0,4,1,0.2
1773458966666515,0,51,255,255,0,245826,0,0,41323,0,0,0,19,231,0,0,0,4,1,0.2
1773458966666515,0,51,255,255,0,245826,0,0,41323,0,0,0,19,231,0,0,0,4,1,0.2
1773458966666515,0,51,255,255,0,245826,0,0,41323,0,0,0,19,231,0,0,0,4,1,0.2
1773458971956547,0,51,255,255,0,245826,0,0,0,0,0,0,0,231,0,0,0,4,1,0.2
1773458971956547,0,51,255,255,0,245826,0,0,0,0,0,0,0,231,0,0,0,4,1,0.2
1773458976416616,0,51,255,255,0,195563,0,0,0,0,0,0,0,234,0,0,0,4,1,0.2
1773458976416616,0,51,255,255,0,195563,0,0,0,0,0,0,0,234,0,0,0,4,1,0.2
1773458976532398,255,51,255,255,0,274222,0,0,606310,0,0,0,1,235,0,0,0,5,1,0.2
1773458976532398,255,51,255,255,0,274222,0,0,606310,0,0,0,1,235,0,0,0,5,1,0.2
1773458976532398,255,51,255,255,0,274222,0,0,606310,0,0,0,1,235,0,0,0,5,1,0.2
1773458976532398,255,51,255,255,0,274222,0,0,606310,0,0,0,1,235,0,0,0,5,1,0.2
1773458976886414,0,51,255,255,0,330331,0,0,432781,0,0,0,36,271,0,0,0,5,1,0.2
1773458976886414,0,51,255,255,0,330331,0,0,432781,0,0,0,36,271,0,0,0,5,1,0.2
1773458976886414,0,51,255,255,0,330331,0,0,432781,0,0,0,36,271,0,0,0,5,1,0.2
1773458976886414,0,51,255,255,0,330331,0,0,432781,0,0,0,36,271,0,0,0,5,1,0.2
1773458976886414,0,51,255,255,0,330331,0,0,432781,0,0,0,36,271,0,0,0,5,1,0.2
1773458976886414,0,51,255,255,0,330331,0,0,432781,0,0,0,36,271,0,0,0,5,1,0.2
1773458976886414,0,51,255,255,0,330331,0,0,432781,0,0,0,36,271,0,0,0,5,1,0.2
1773458976886414,0,51,255,255,0,330331,0,0,432781,0,0,0,36,271,0,0,0,5,1,0.2
1773458976886414,0,51,255,255,0,330331,0,0,432781,0,0,0,36,271,0,0,0,5,1,0.2
1773458977873373,0,51,255,255,0,335255,0,0,65945,0,0,0,8,279,0,0,0,5,1,0.2
1773458977873373,0,51,255,255,0,335255,0,0,65945,0,0,0,8,279,0,0,0,5,1,0.2
1773458977873373,0,51,255,255,0,335255,0,0,65945,0,0,0,8,279,0,0,0,5,1,0.2
1773458977873373,0,51,255,255,0,335255,0,0,65945,0,0,0,8,279,0,0,0,5,1,0.2
1773458977873373,0,51,255,255,0,335255,0,0,65945,0,0,0,8,279,0,0,0,5,1,0.2
1773458977873373,0,51,255,255,0,335255,0,0,65945,0,0,0,8,279,0,0,0,5,1,0.2
1773458978382533,0,51,255,255,0,292370,0,0,18255,0,0,0,7,286,0,0,0,5,1,0.2
1773458978382533,0,51,255,255,0,292370,0,0,18255,0,0,0,7,286,0,0,0,5,1,0.2
1773458978382533,0,51,255,255,0,292370,0,0,18255,0,0,0,7,286,0,0,0,5,1,0.2
1773458978382533,0,51,255,255,0,292370,0,0,18255,0,0,0,7,286,0,0,0,5,1,0.2
1773458978382533,0,51,255,255,0,292370,0,0,18255,0,0,0,7,286,0,0,0,5,1,0.2
1773458978382533,0,51,255,255,0,292370,0,0,18255,0,0,0,7,286,0,0,0,5,1,0.2
1773458978382533,0,51,255,255,0,292370,0,0,18255,0,0,0,7,286,0,0,0,5,1,0.2
1773458978382533,0,51,255,255,0,292370,0,0,18255,0,0,0,7,286,0,0,0,5,1,0.2
1773458978382533,0,51,255,255,0,292370,0,0,18255,0,0,0,7,286,0,0,0,5,1,0.2
1773458978382533,0,51,255,255,0,292370,0,0,18255,0,0,0,7,286,0,0,0,5,1,0.2
1773458978382533,0,51,255,255,0,292370,0,0,18255,0,0,0,7,286,0,0,0,5,1,0.2
1773458979510508,0,51,255,255,0,228375,0,0,18588,0,0,0,11,297,0,0,1,6,1,0.2
1773458979510508,0,51,255,255,0,228375,0,0,18588,0,0,0,11,297,0,0,1,6,1,0.2
1773458979510508,0,51,255,255,0,228375,0,0,18588,0,0,0,11,297,0,0,1,6,1,0.2
1773458979510508,0,51,255,255,0,228375,0,0,18588,0,0,0,11,297,0,0,1,6,1,0.2
1773458979510508,0,51,255,255,0,228375,0,0,18588,0,0,0,11,297,0,0,1,6,1,0.2
1773458979510508,0,51,255,255,0,228375,0,0,18588,0,0,0,11,297,0,0,1,6,1,0.2
1773458979510508,0,51,255,255,0,228375,0,0,18588,0,0,0,11,297,0,0,1,6,1,0.2
1773458980144204,0,0,255,255,0,109573,0,0,12300,0,0,0,11,308,0,0,0,6,1,0
1773458980144204,0,0,255,255,0,109573,0,0,12300,0,0,0,11,308,0,0,0,6,1,0
1773458980144204,0,0,255,255,0,109573,0,0,12300,0,0,0,11,308,0,0,0,6,1,0
1773458980144204,0,0,255,255,0,109573,0,0,12300,0,0,0,11,308,0,0,0,6,1,0
1773458980144204,0,0,255,255,0,109573,0,0,12300,0,0,0,11,308,0,0,0,6,1,0
1773458980144204,0,0,255,255,0,109573,0,0,12300,0,0,0,11,308,0,0,0,6,1,0
1773458981371125,0,0,255,255,0,26280,0,0,16316,0,0,0,6,314,0,0,1,7,1,0
1773458981371125,0,0,255,255,0,26280,0,0,16316,0,0,0,6,314,0,0,1,7,1,0
1773458981371125,0,0,255,255,0,26280,0,0,16316,0,0,0,6,314,0,0,1,7,1,0
1773458981371125,0,0,255,255,0,26280,0,0,16316,0,0,0,6,314,0,0,1,7,1,0
1773458981371125,0,0,255,255,0,26280,0,0,16316,0,0,0,6,314,0,0,1,7,1,0
1773458981371125,0,0,255,255,0,26280,0,0,16316,0,0,0,6,314,0,0,1,7,1,0
1773458981371125,0,0,255,255,0,26280,0,0,16316,0,0,0,6,314,0,0,1,7,1,0
1773458981371125,0,0,255,255,0,26280,0,0,16316,0,0,0,6,314,0,0,1,7,1,0
1773458981371125,0,0,255,255,0,26280,0,0,16316,0,0,0,6,314,0,0,1,7,1,0
1773458981371125,0,0,255,255,0,26280,0,0,16316,0,0,0,6,314,0,0,1,7,1,0
1773458981371125,0,0,255,255,0,26280,0,0,16316,0,0,0,6,314,0,0,1,7,1,0
1773458981371125,0,0,255,255,0,26280,0,0,16316,0,0,0,6,314,0,0,1,7,1,0
1773458981371125,0,0,255,255,0,26280,0,0,16316,0,0,0,6,314,0,0,1,7,1,0
1773458981371125,0,0,255,255,0,26280,0,0,16316,0,0,0,6,314,0,0,1,7,1,0
1773458982742747,0,0,255,255,0,25139,0,0,60236,0,0,0,21,335,0,0,2,9,1,0
1773458982742747,0,0,255,255,0,25139,0,0,60236,0,0,0,21,335,0,0,2,9,1,0
1773458982742747,0,0,255,255,0,25139,0,0,60236,0,0,0,21,335,0,0,2,9,1,0
1773458982742747,0,0,255,255,0,25139,0,0,60236,0,0,0,21,335,0,0,2,9,1,0
1773458982742747,0,0,255,255,0,25139,0,0,60236,0,0,0,21,335,0,0,2,9,1,0
1773458982742747,0,0,255,255,0,25139,0,0,60236,0,0,0,21,335,0,0,2,9,1,0
1773458982742747,0,0,255,255,0,25139,0,0,60236,0,0,0,21,335,0,0,2,9,1,0
1773458982742747,0,0,255,255,0,25139,0,0,60236,0,0,0,21,335,0,0,2,9,1,0
1773458983540617,0,0,255,255,0,28441,0,0,34768,0,0,0,16,351,0,0,0,9,1,0
1773458983540617,0,0,255,255,0,28441,0,0,34768,0,0,0,16,351,0,0,0,9,1,0
1773458983540617,0,0,255,255,0,28441,0,0,34768,0,0,0,16,351,0,0,0,9,1,0
1773458983540617,0,0,255,255,0,28441,0,0,34768,0,0,0,16,351,0,0,0,9,1,0
1773458983540617,0,0,255,255,0,28441,0,0,34768,0,0,0,16,351,0,0,0,9,1,0
1773458983540617,0,0,255,255,0,28441,0,0,34768,0,0,0,16,351,0,0,0,9,1,0
1773458983540617,0,0,255,255,0,28441,0,0,34768,0,0,0,16,351,0,0,0,9,1,0
1773458983540617,0,0,255,255,0,28441,0,0,34768,0,0,0,16,351,0,0,0,9,1,0
1773458983540617,0,0,255,255,0,28441,0,0,34768,0,0,0,16,351,0,0,0,9,1,0
1773458983540617,0,0,255,255,0,28441,0,0,34768,0,0,0,16,351,0,0,0,9,1,0
1773458983540617,0,0,255,255,0,28441,0,0,34768,0,0,0,16,351,0,0,0,9,1,0
1773458984649692,0,0,255,255,0,29149,0,0,22125,0,0,0,6,357,0,0,1,10,1,0
1773458984649692,0,0,255,255,0,29149,0,0,22125,0,0,0,6,357,0,0,1,10,1,0
1773458984649692,0,0,255,255,0,29149,0,0,22125,0,0,0,6,357,0,0,1,10,1,0
1773458984649692,0,0,255,255,0,29149,0,0,22125,0,0,0,6,357,0,0,1,10,1,0
1773458984649692,0,0,255,255,0,29149,0,0,22125,0,0,0,6,357,0,0,1,10,1,0
1773458984649692,0,0,255,255,0,29149,0,0,22125,0,0,0,6,357,0,0,1,10,1,0
1773458984649692,0,0,255,255,0,29149,0,0,22125,0,0,0,6,357,0,0,1,10,1,0
1773458984649692,0,0,255,255,0,29149,0,0,22125,0,0,0,6,357,0,0,1,10,1,0
1773458984649692,0,0,255,255,0,29149,0,0,22125,0,0,0,6,357,0,0,1,10,1,0
1773458985560523,0,0,255,255,0,30096,0,0,17039,0,0,0,5,362,0,0,0,10,1,0
1773458985560523,0,0,255,255,0,30096,0,0,17039,0,0,0,5,362,0,0,0,10,1,0
1773458985560523,0,0,255,255,0,30096,0,0,17039,0,0,0,5,362,0,0,0,10,1,0
1773458985560523,0,0,255,255,0,30096,0,0,17039,0,0,0,5,362,0,0,0,10,1,0
1773458985560523,0,0,255,255,0,30096,0,0,17039,0,0,0,5,362,0,0,0,10,1,0
1773458985560523,0,0,255,255,0,30096,0,0,17039,0,0,0,5,362,0,0,0,10,1,0
1773458985560523,0,0,255,255,0,30096,0,0,17039,0,0,0,5,362,0,0,0,10,1,0
1773458985560523,0,0,255,255,0,30096,0,0,17039,0,0,0,5,362,0,0,0,10,1,0
1773458985560523,0,0,255,255,0,30096,0,0,17039,0,0,0,5,362,0,0,0,10,1,0
1773458985560523,0,0,255,255,0,30096,0,0,17039,0,0,0,5,362,0,0,0,10,1,0
1773458985560523,0,0,255,255,0,30096,0,0,17039,0,0,0,5,362,0,0,0,10,1,0
1773458985560523,0,0,255,255,0,30096,0,0,17039,0,0,0,5,362,0,0,0,10,1,0
1773458985560523,0,0,255,255,0,30096,0,0,17039,0,0,0,5,362,0,0,0,10,1,0
1773458985560523,0,0,255,255,0,30096,0,0,17039,0,0,0,5,362,0,0,0,10,1,0
1773458986935349,0,0,255,255,0,29611,0,0,13891,0,0,0,14,376,0,0,2,12,1,0
1773458986935349,0,0,255,255,0,29611,0,0,13891,0,0,0,14,376,0,0,2,12,1,0
1773458986935349,0,0,255,255,0,29611,0,0,13891,0,0,0,14,376,0,0,2,12,1,0
1773458986935349,0,0,255,255,0,29611,0,0,13891,0,0,0,14,376,0,0,2,12,1,0
1773458986935349,0,0,255,255,0,29611,0,0,13891,0,0,0,14,376,0,0,2,12,1,0
1773458986935349,0,0,255,255,0,29611,0,0,13891,0,0,0,14,376,0,0,2,12,1,0
1773458986935349,0,0,255,255,0,29611,0,0,13891,0,0,0,14,376,0,0,2,12,1,0
1773458986935349,0,0,255,255,0,29611,0,0,13891,0,0,0,14,376,0,0,2,12,1,0
1773458986935349,0,0,255,255,0,29611,0,0,13891,0,0,0,14,376,0,0,2,12,1,0
1773458986935349,0,0,255,255,0,29611,0,0,13891,0,0,0,14,376,0,0,2,12,1,0
1773458986935349,0,0,255,255,0,29611,0,0,13891,0,0,0,14,376,0,0,2,12,1,0
1773458988057570,0,0,255,255,0,20344,0,0,13901,0,0,0,9,385,0,0,0,12,1,0
1773458988057570,0,0,255,255,0,20344,0,0,13901,0,0,0,9,385,0,0,0,12,1,0
1773458988057570,0,0,255,255,0,20344,0,0,13901,0,0,0,9,385,0,0,0,12,1,0
1773458988057570,0,0,255,255,0,20344,0,0,13901,0,0,0,9,385,0,0,0,12,1,0
1773458988057570,0,0,255,255,0,20344,0,0,13901,0,0,0,9,385,0,0,0,12,1,0
1773458988586706,0,0,255,255,0,17851,0,0,22300,0,0,0,10,395,0,0,1,13,1,0
1773458988586706,0,0,255,255,0,17851,0,0,22300,0,0,0,10,395,0,0,1,13,1,0
1773458988586706,0,0,255,255,0,17851,0,0,22300,0,0,0,10,395,0,0,1,13,1,0
1773458988586706,0,0,255,255,0,17851,0,0,22300,0,0,0,10,395,0,0,1,13,1,0
1773458988586706,0,0,255,255,0,17851,0,0,22300,0,0,0,10,395,0,0,1,13,1,0
1773458988586706,0,0,255,255,0,17851,0,0,22300,0,0,0,10,395,0,0,1,13,1,0
1773458988586706,0,0,255,255,0,17851,0,0,22300,0,0,0,10,395,0,0,1,13,1,0
1773458988586706,0,0,255,255,0,17851,0,0,22300,0,0,0,10,395,0,0,1,13,1,0
1773458989339927,0,0,255,255,0,17038,0,0,18061,0,0,0,11,406,0,0,1,14,1,0
1773458989339927,0,0,255,255,0,17038,0,0,18061,0,0,0,11,406,0,0,1,14,1,0
1773458989339927,0,0,255,255,0,17038,0,0,18061,0,0,0,11,406,0,0,1,14,1,0
1773458989339927,0,0,255,255,0,17038,0,0,18061,0,0,0,11,406,0,0,1,14,1,0
1773458989339927,0,0,255,255,0,17038,0,0,18061,0,0,0,11,406,0,0,1,14,1,0
1773458989339927,0,0,255,255,0,17038,0,0,18061,0,0,0,11,406,0,0,1,14,1,0
1773458989339927,0,0,255,255,0,17038,0,0,18061,0,0,0,11,406,0,0,1,14,1,0
1773458989339927,0,0,255,255,0,17038,0,0,18061,0,0,0,11,406,0,0,1,14,1,0
1773458989339927,0,0,255,255,0,17038,0,0,18061,0,0,0,11,406,0,0,1,14,1,0
1773458989339927,0,0,255,255,0,17038,0,0,18061,0,0,0,11,406,0,0,1,14,1,0
1773458989339927,0,0,255,255,0,17038,0,0,18061,0,0,0,11,406,0,0,1,14,1,0
1773458989339927,0,0,255,255,0,17038,0,0,18061,0,0,0,11,406,0,0,1,14,1,0
1773458989339927,0,0,255,255,0,17038,0,0,18061,0,0,0,11,406,0,0,1,14,1,0
1773458989339927,0,0,255,255,0,17038,0,0,18061,0,0,0,11,406,0,0,1,14,1,0
1773458989339927,0,0,255,255,0,17038,0,0,18061,0,0,0,11,406,0,0,1,14,1,0
1773458990901705,0,0,255,255,0,19604,0,0,29869,0,0,0,15,421,0,0,0,14,1,0
1773458990901705,0,0,255,255,0,19604,0,0,29869,0,0,0,15,421,0,0,0,14,1,0
1773458990901705,0,0,255,255,0,19604,0,0,29869,0,0,0,15,421,0,0,0,14,1,0
1773458990901705,0,0,255,255,0,19604,0,0,29869,0,0,0,15,421,0,0,0,14,1,0
1773458990901705,0,0,255,255,0,19604,0,0,29869,0,0,0,15,421,0,0,0,14,1,0
1773458990901705,0,0,255,255,0,19604,0,0,29869,0,0,0,15,421,0,0,0,14,1,0
1773458991464789,0,0,255,255,0,23324,0,0,32490,0,0,0,15,436,0,0,1,15,1,0
1773458991464789,0,0,255,255,0,23324,0,0,32490,0,0,0,15,436,0,0,1,15,1,0
1773458991464789,0,0,255,255,0,23324,0,0,32490,0,0,0,15,436,0,0,1,15,1,0
1773458991464789,0,0,255,255,0,23324,0,0,32490,0,0,0,15,436,0,0,1,15,1,0
1773458991464789,0,0,255,255,0,23324,0,0,32490,0,0,0,15,436,0,0,1,15,1,0
1773458991464789,0,0,255,255,0,23324,0,0,32490,0,0,0,15,436,0,0,1,15,1,0
1773458991464789,0,0,255,255,0,23324,0,0,32490,0,0,0,15,436,0,0,1,15,1,0
1773458991464789,0,0,255,255,0,23324,0,0,32490,0,0,0,15,436,0,0,1,15,1,0
1773458991464789,0,0,255,255,0,23324,0,0,32490,0,0,0,15,436,0,0,1,15,1,0
1773458991464789,0,0,255,255,0,23324,0,0,32490,0,0,0,15,436,0,0,1,15,1,0
1773458991464789,0,0,255,255,0,23324,0,0,32490,0,0,0,15,436,0,0,1,15,1,0
1773458991464789,0,0,255,255,0,23324,0,0,32490,0,0,0,15,436,0,0,1,15,1,0
1773458991464789,0,0,255,255,0,23324,0,0,32490,0,0,0,15,436,0,0,1,15,1,0
1773458991464789,0,0,255,255,0,23324,0,0,32490,0,0,0,15,436,0,0,1,15,1,0
1773458991464789,0,0,255,255,0,23324,0,0,32490,0,0,0,15,436,0,0,1,15,1,0
1773458991464789,0,0,255,255,0,23324,0,0,32490,0,0,0,15,436,0,0,1,15,1,0
1773458993190634,0,0,255,255,0,25085,0,0,22707,0,0,0,17,453,0,0,0,15,1,0
1773458993190634,0,0,255,255,0,25085,0,0,22707,0,0,0,17,453,0,0,0,15,1,0
1773458993190634,0,0,255,255,0,25085,0,0,22707,0,0,0,17,453,0,0,0,15,1,0
1773458993190634,0,0,255,255,0,25085,0,0,22707,0,0,0,17,453,0,0,0,15,1,0
1773458993190634,0,0,255,255,0,25085,0,0,22707,0,0,0,17,453,0,0,0,15,1,0
1773458993190634,0,0,255,255,0,25085,0,0,22707,0,0,0,17,453,0,0,0,15,1,0
1773458993190634,0,0,255,255,0,25085,0,0,22707,0,0,0,17,453,0,0,0,15,1,0
1773458993190634,0,0,255,255,0,25085,0,0,22707,0,0,0,17,453,0,0,0,15,1,0
1773458994132546,0,0,255,255,0,26509,0,0,29421,0,0,0,12,465,0,0,1,16,1,0
1773458994132546,0,0,255,255,0,26509,0,0,29421,0,0,0,12,465,0,0,1,16,1,0
1773458994132546,0,0,255,255,0,26509,0,0,29421,0,0,0,12,465,0,0,1,16,1,0
1773458994132546,0,0,255,255,0,26509,0,0,29421,0,0,0,12,465,0,0,1,16,1,0
1773458994687634,0,0,255,255,0,30548,0,0,38254,0,0,0,9,474,0,0,2,18,1,0
1773458994687634,0,0,255,255,0,30548,0,0,38254,0,0,0,9,474,0,0,2,18,1,0
1773458994687634,0,0,255,255,0,30548,0,0,38254,0,0,0,9,474,0,0,2,18,1,0
1773458994687634,0,0,255,255,0,30548,0,0,38254,0,0,0,9,474,0,0,2,18,1,0
1773458994687634,0,0,255,255,0,30548,0,0,38254,0,0,0,9,474,0,0,2,18,1,0
1773458994687634,0,0,255,255,0,30548,0,0,38254,0,0,0,9,474,0,0,2,18,1,0
1773458994687634,0,0,255,255,0,30548,0,0,38254,0,0,0,9,474,0,0,2,18,1,0
1773458994687634,0,0,255,255,0,30548,0,0,38254,0,0,0,9,474,0,0,2,18,1,0
1773458994687634,0,0,255,255,0,30548,0,0,38254,0,0,0,9,474,0,0,2,18,1,0
1773458994687634,0,0,255,255,0,30548,0,0,38254,0,0,0,9,474,0,0,2,18,1,0
1773458994687634,0,0,255,255,0,30548,0,0,38254,0,0,0,9,474,0,0,2,18,1,0
1773458994687634,0,0,255,255,0,30548,0,0,38254,0,0,0,9,474,0,0,2,18,1,0
1773458994687634,0,0,255,255,0,30548,0,0,38254,0,0,0,9,474,0,0,2,18,1,0
1773458996036445,0,0,255,255,0,34216,0,0,48208,0,0,0,18,492,0,0,0,18,1,0
1773458996036445,0,0,255,255,0,34216,0,0,48208,0,0,0,18,492,0,0,0,18,1,0
1773458996036445,0,0,255,255,0,34216,0,0,48208,0,0,0,18,492,0,0,0,18,1,0
1773458996036445,0,0,255,255,0,34216,0,0,48208,0,0,0,18,492,0,0,0,18,1,0
1773458996036445,0,0,255,255,0,34216,0,0,48208,0,0,0,18,492,0,0,0,18,1,0
1773458996036445,0,0,255,255,0,34216,0,0,48208,0,0,0,18,492,0,0,0,18,1,0
1773458996036445,0,0,255,255,0,34216,0,0,48208,0,0,0,18,492,0,0,0,18,1,0
1773458996036445,0,0,255,255,0,34216,0,0,48208,0,0,0,18,492,0,0,0,18,1,0
1773458996036445,0,0,255,255,0,34216,0,0,48208,0,0,0,18,492,0,0,0,18,1,0
1773458996036445,0,0,255,255,0,34216,0,0,48208,0,0,0,18,492,0,0,0,18,1,0
1773458997871065,0,0,255,255,0,34618,0,0,34500,0,0,0,14,506,0,0,1,19,1,0
1773458997871065,0,0,255,255,0,34618,0,0,34500,0,0,0,14,506,0,0,1,19,1,0
1773458998389305,0,0,255,255,0,34618,0,0,0,0,0,0,0,506,0,0,0,19,1,0
1773458998389305,0,0,255,255,0,34618,0,0,0,0,0,0,0,506,0,0,0,19,1,0
1773458998389305,0,0,255,255,0,34618,0,0,0,0,0,0,0,506,0,0,0,19,1,0
1773458998389305,0,0,255,255,0,34618,0,0,0,0,0,0,0,506,0,0,0,19,1,0
1773458998902800,0,0,255,255,0,43592,0,0,67581,0,0,0,1,507,0,0,0,19,1,0
1773458998902800,0,0,255,255,0,43592,0,0,67581,0,0,0,1,507,0,0,0,19,1,0
1773458999252425,0,0,255,255,0,64273,0,0,132822,0,0,0,3,510,0,0,0,19,1,0
1773458999252425,0,0,255,255,0,64273,0,0,132822,0,0,0,3,510,0,0,0,19,1,0
1773458999252425,0,0,255,255,0,64273,0,0,132822,0,0,0,3,510,0,0,0,19,1,0
1773458999252425,0,0,255,255,0,64273,0,0,132822,0,0,0,3,510,0,0,0,19,1,0
1773458999252425,0,0,255,255,0,64273,0,0,132822,0,0,0,3,510,0,0,0,19,1,0
1773458999252425,0,0,255,255,0,64273,0,0,132822,0,0,0,3,510,0,0,0,19,1,0
1773458999252425,0,0,255,255,0,64273,0,0,132822,0,0,0,3,510,0,0,0,19,1,0
1773458999252425,0,0,255,255,0,64273,0,0,132822,0,0,0,3,510,0,0,0,19,1,0
1773458999252425,0,0,255,255,0,64273,0,0,132822,0,0,0,3,510,0,0,0,19,1,0
1773458999252425,0,0,255,255,0,64273,0,0,132822,0,0,0,3,510,0,0,0,19,1,0
1773458999252425,0,0,255,255,0,64273,0,0,132822,0,0,0,3,510,0,0,0,19,1,0
1773459000311760,0,0,255,255,0,65677,0,0,45276,0,0,0,14,524,0,0,0,19,1,0
1773459000311760,0,0,255,255,0,65677,0,0,45276,0,0,0,14,524,0,0,0,19,1,0
1773459000311760,0,0,255,255,0,65677,0,0,45276,0,0,0,14,524,0,0,0,19,1,0
1773459000311760,0,0,255,255,0,65677,0,0,45276,0,0,0,14,524,0,0,0,19,1,0
1773459000311760,0,0,255,255,0,65677,0,0,45276,0,0,0,14,524,0,0,0,19,1,0
1773459000311760,0,0,255,255,0,65677,0,0,45276,0,0,0,14,524,0,0,0,19,1,0
1773459000311760,0,0,255,255,0,65677,0,0,45276,0,0,0,14,524,0,0,0,19,1,0
1773459000311760,0,0,255,255,0,65677,0,0,45276,0,0,0,14,524,0,0,0,19,1,0
1773459000311760,0,0,255,255,0,65677,0,0,45276,0,0,0,14,524,0,0,0,19,1,0
1773459000311760,0,0,255,255,0,65677,0,0,45276,0,0,0,14,524,0,0,0,19,1,0
1773459001377387,0,0,255,255,0,62612,0,0,32884,0,0,0,21,545,0,0,0,19,1,0
1773459001377387,0,0,255,255,0,62612,0,0,32884,0,0,0,21,545,0,0,0,19,1,0
1773459001377387,0,0,255,255,0,62612,0,0,32884,0,0,0,21,545,0,0,0,19,1,0
1773459001377387,0,0,255,255,0,62612,0,0,32884,0,0,0,21,545,0,0,0,19,1,0
1773459001377387,0,0,255,255,0,62612,0,0,32884,0,0,0,21,545,0,0,0,19,1,0
1773459001377387,0,0,255,255,0,62612,0,0,32884,0,0,0,21,545,0,0,0,19,1,0
1773459001377387,0,0,255,255,0,62612,0,0,32884,0,0,0,21,545,0,0,0,19,1,0
1773459001377387,0,0,255,255,0,62612,0,0,32884,0,0,0,21,545,0,0,0,19,1,0
1773459001377387,0,0,255,255,0,62612,0,0,32884,0,0,0,21,545,0,0,0,19,1,0
1773459001377387,0,0,255,255,0,62612,0,0,32884,0,0,0,21,545,0,0,0,19,1,0
1773459001377387,0,0,255,255,0,62612,0,0,32884,0,0,0,21,545,0,0,0,19,1,0
1773459001377387,0,0,255,255,0,62612,0,0,32884,0,0,0,21,545,0,0,0,19,1,0
1773459001377387,0,0,255,255,0,62612,0,0,32884,0,0,0,21,545,0,0,0,19,1,0
1773459001377387,0,0,255,255,0,62612,0,0,32884,0,0,0,21,545,0,0,0,19,1,0
1773459002653037,0,0,255,255,0,59038,0,0,16629,0,0,0,7,552,0,0,0,19,1,0
1773459002653037,0,0,255,255,0,59038,0,0,16629,0,0,0,7,552,0,0,0,19,1,0
1773459002653037,0,0,255,255,0,59038,0,0,16629,0,0,0,7,552,0,0,0,19,1,0
1773459002653037,0,0,255,255,0,59038,0,0,16629,0,0,0,7,552,0,0,0,19,1,0
1773459002653037,0,0,255,255,0,59038,0,0,16629,0,0,0,7,552,0,0,0,19,1,0
1773459002653037,0,0,255,255,0,59038,0,0,16629,0,0,0,7,552,0,0,0,19,1,0
1773459002653037,0,0,255,255,0,59038,0,0,16629,0,0,0,7,552,0,0,0,19,1,0
1773459002653037,0,0,255,255,0,59038,0,0,16629,0,0,0,7,552,0,0,0,19,1,0
1773459002653037,0,0,255,255,0,59038,0,0,16629,0,0,0,7,552,0,0,0,19,1,0
1773459002653037,0,0,255,255,0,59038,0,0,16629,0,0,0,7,552,0,0,0,19,1,0
