timestamp,seq_num,payload_size,is_key_frame,packet_type
1772702681852492,1482,0,0,Padding
1772702681855683,11653,1145,1,VideoPacket
1772702681867126,11654,1145,1,VideoPacket
1772702681876587,11655,1145,1,VideoPacket
1772702681886846,11656,1130,1,VideoPacket
1772702681897229,1483,0,0,Padding
1772702681897318,11657,1179,1,FECPacket
1772702681904606,11658,1179,1,FECPacket
1772702681909955,11659,1084,1,VideoPacket
1772702681914389,11660,1084,1,VideoPacket
1772702681919252,11661,1085,1,VideoPacket
1772702682034065,11662,1085,1,VideoPacket
1772702682034164,11663,1179,1,FECPacket
1772702682034296,11664,1180,1,FECPacket
1772702682034387,11665,1180,1,FECPacket
1772702682034606,11666,903,0,VideoPacket
1772702682034694,11667,1180,1,FECPacket
1772702682034783,11668,1180,1,FECPacket
1772702682035009,11669,933,0,VideoPacket
1772702682035246,11670,1049,0,VideoPacket
1772702682035358,11671,1180,1,FECPacket
1772702682081819,11672,1180,0,FECPacket
1772702682081928,11673,1180,0,FECPacket
1772702682082028,11674,1180,0,FECPacket
1772702682082277,11675,948,0,VideoPacket
1772702682082497,11676,823,0,VideoPacket
1772702682084081,11677,1180,0,FECPacket
1772702682084174,11678,1180,0,FECPacket
1772702682117220,1484,0,0,Padding
1772702682117488,11679,1001,0,VideoPacket
1772702682121676,11680,1180,0,FECPacket
1772702682124938,1485,1003,0,Padding
1772702682127409,1486,1003,0,Padding
1772702682130642,1487,1003,0,Padding
1772702682158884,11681,637,0,VideoPacket
1772702682159135,11682,638,0,VideoPacket
1772702682159222,11683,1180,0,FECPacket
1772702682159315,11684,1180,0,FECPacket
1772702682201708,11685,650,0,VideoPacket
1772702682201958,11686,651,0,VideoPacket
1772702682202045,11687,1180,0,FECPacket
1772702682202130,11688,1180,0,FECPacket
1772702682242484,11689,1126,0,VideoPacket
1772702682247714,11690,1172,0,FECPacket
1772702682284687,11691,598,0,VideoPacket
1772702682284933,11692,599,0,VideoPacket
1772702682285020,11693,1172,0,FECPacket
1772702682285109,11694,1172,0,FECPacket
1772702682328533,1488,0,0,Padding
1772702682328801,11695,1075,0,VideoPacket
1772702682332136,11696,1076,0,VideoPacket
1772702682334454,11697,1076,0,VideoPacket
1772702682337631,11698,1076,0,VideoPacket
1772702682340032,11699,1076,0,VideoPacket
1772702682343490,11700,1076,0,VideoPacket
1772702682343566,11701,1172,0,FECPacket
1772702682343639,11702,1172,0,FECPacket
1772702682343704,11703,1172,0,FECPacket
1772702682343762,11704,1172,0,FECPacket
1772702682343835,11705,1172,0,FECPacket
1772702682343906,11706,1172,0,FECPacket
1772702682368611,11707,626,0,VideoPacket
1772702682368866,11708,626,0,VideoPacket
1772702682368934,11709,1172,0,FECPacket
1772702682368997,11710,1172,0,FECPacket
1772702682410986,11711,960,0,VideoPacket
1772702682411154,11712,961,0,VideoPacket
1772702682411256,11713,961,0,VideoPacket
1772702682453468,11714,1080,0,VideoPacket
1772702682453654,11715,1080,0,VideoPacket
1772702682453756,11716,1065,0,VideoPacket
1772702682495332,11717,897,0,VideoPacket
1772702682495465,11718,897,0,VideoPacket
1772702682495565,11719,897,0,VideoPacket
1772702682495665,11720,898,0,VideoPacket
1772702682495757,11721,1172,0,FECPacket
1772702682536202,11722,918,0,VideoPacket
1772702682536388,11723,918,0,VideoPacket
1772702682536495,11724,919,0,VideoPacket
1772702682536876,11725,919,0,VideoPacket
1772702682539369,11726,1111,0,FECPacket
1772702682578533,11727,1058,0,VideoPacket
1772702682578715,11728,1058,0,VideoPacket
1772702682578830,11729,1059,0,VideoPacket
1772702682616093,1489,1067,0,Retransmission:11716
1772702682620550,11730,1029,0,VideoPacket
1772702682620690,11731,1029,0,VideoPacket
1772702682620793,11732,1029,0,VideoPacket
1772702682621183,11733,1030,0,VideoPacket
1772702682626532,11734,1111,0,FECPacket
1772702682662257,11735,1011,0,VideoPacket
1772702682662431,11736,1011,0,VideoPacket
1772702682662531,11737,1011,0,VideoPacket
1772702682662624,11738,995,0,VideoPacket
1772702682703594,11739,989,0,VideoPacket
1772702682703732,11740,989,0,VideoPacket
1772702682704180,11741,990,0,VideoPacket
1772702682704283,11742,990,0,VideoPacket
1772702682704379,11743,990,0,VideoPacket
1772702682704465,11744,1111,0,FECPacket
1772702682741351,1490,1031,0,Retransmission:11731
1772702682744741,11745,1117,0,VideoPacket
1772702682744920,11746,1117,0,VideoPacket
1772702682745022,11747,1118,0,VideoPacket
1772702682786714,11748,990,0,VideoPacket
1772702682787248,11749,991,0,VideoPacket
1772702682787350,11750,991,0,VideoPacket
1772702682787445,11751,991,0,VideoPacket
1772702682787529,11752,1148,0,FECPacket
1772702682824447,1491,997,0,Retransmission:11738
1772702682828816,11753,975,0,VideoPacket
1772702682828948,11754,975,0,VideoPacket
1772702682829051,11755,975,0,VideoPacket
1772702682829152,11756,975,0,VideoPacket
1772702682829621,11757,976,0,VideoPacket
1772702682834848,11758,1148,0,FECPacket
1772702682870244,11759,1033,0,VideoPacket
1772702682870443,11760,1033,0,VideoPacket
1772702682870546,11761,1034,0,VideoPacket
1772702682870650,11762,1018,0,VideoPacket
1772702682912325,11763,1040,0,VideoPacket
1772702682912514,11764,1040,0,VideoPacket
1772702682912956,11765,1041,0,VideoPacket
1772702682913059,11766,1041,0,VideoPacket
1772702682913148,11767,1148,0,FECPacket
1772702682954211,11768,1110,0,VideoPacket
1772702682954407,11769,1111,0,VideoPacket
1772702682954503,11770,1111,0,VideoPacket
1772702682954596,11771,1111,0,VideoPacket
1772702682954695,11772,1111,0,VideoPacket
1772702682996184,11773,1051,0,VideoPacket
1772702682996328,11774,1051,0,VideoPacket
1772702682996431,11775,1051,0,VideoPacket
1772702682996525,11776,1051,0,VideoPacket
1772702682996613,11777,1148,0,FECPacket
1772702683037642,11778,1027,0,VideoPacket
1772702683037843,11779,1027,0,VideoPacket
1772702683037948,11780,1028,0,VideoPacket
1772702683038383,11781,1028,0,VideoPacket
1772702683038485,11782,1028,0,VideoPacket
1772702683038580,11783,1141,0,FECPacket
1772702683075444,1492,1113,0,Retransmission:11771
1772702683079022,11784,973,0,VideoPacket
1772702683079158,11785,973,0,VideoPacket
1772702683079260,11786,973,0,VideoPacket
1772702683079361,11787,973,0,VideoPacket
1772702683079462,11788,958,0,VideoPacket
1772702683121315,11789,960,0,VideoPacket
1772702683121464,11790,960,0,VideoPacket
1772702683121568,11791,960,0,VideoPacket
1772702683121670,11792,960,0,VideoPacket
1772702683121770,11793,960,0,VideoPacket
1772702683121873,11794,1141,0,FECPacket
1772702683158940,1493,1030,0,Retransmission:11780
1772702683162530,11795,957,0,VideoPacket
1772702683162665,11796,957,0,VideoPacket
1772702683163104,11797,957,0,VideoPacket
1772702683163205,11798,958,0,VideoPacket
1772702683163299,11799,958,0,VideoPacket
1772702683163386,11800,1141,0,FECPacket
1772702683204443,11801,967,0,VideoPacket
1772702683204585,11802,967,0,VideoPacket
1772702683204687,11803,968,0,VideoPacket
1772702683204788,11804,968,0,VideoPacket
1772702683205216,11805,968,0,VideoPacket
1772702683210547,11806,1081,0,FECPacket
1772702683246586,11807,1130,0,VideoPacket
1772702683246779,11808,1130,0,VideoPacket
1772702683246891,11809,1130,0,VideoPacket
1772702683246987,11810,1130,0,VideoPacket
1772702683247089,11811,1131,0,VideoPacket
1772702683247191,11812,1131,0,VideoPacket
1772702683283760,1494,959,0,Retransmission:11797
1772702683288144,11813,1143,0,VideoPacket
1772702683288262,11814,1143,0,VideoPacket
1772702683288358,11815,1143,0,VideoPacket
1772702683288450,11816,1143,0,VideoPacket
1772702683288547,11817,1128,0,VideoPacket
1772702683288640,11818,1173,0,FECPacket
1772702683325349,1495,970,0,Retransmission:11803
1772702683329433,11819,1106,0,VideoPacket
1772702683329565,11820,1106,0,VideoPacket
1772702683330016,11821,1106,0,VideoPacket
1772702683330118,11822,1107,0,VideoPacket
1772702683330213,11823,1107,0,VideoPacket
1772702683330299,11824,1174,0,FECPacket
1772702683371368,11825,1003,0,VideoPacket
1772702683371526,11826,1003,0,VideoPacket
1772702683371611,11827,1003,0,VideoPacket
1772702683371705,11828,1003,0,VideoPacket
1772702683372054,11829,1003,0,VideoPacket
1772702683372138,11830,1004,0,VideoPacket
1772702683372205,11831,1174,0,FECPacket
1772702683412936,11832,1155,0,VideoPacket
1772702683413086,11833,1156,0,VideoPacket
1772702683413160,11834,1156,0,VideoPacket
1772702683413229,11835,1156,0,VideoPacket
1772702683413300,11836,1156,0,VideoPacket
1772702683454857,11837,1090,0,VideoPacket
1772702683454957,11838,1090,0,VideoPacket
1772702683455033,11839,1091,0,VideoPacket
1772702683455104,11840,1091,0,VideoPacket
1772702683455175,11841,1091,0,VideoPacket
1772702683455240,11842,1186,0,FECPacket
1772702683496351,11843,1086,0,VideoPacket
1772702683496490,11844,1086,0,VideoPacket
1772702683496822,11845,1086,0,VideoPacket
1772702683496901,11846,1087,0,VideoPacket
1772702683496974,11847,1087,0,VideoPacket
1772702683497046,11848,1071,0,VideoPacket
1772702683497115,11849,1186,0,FECPacket
1772702683537901,11850,1050,0,VideoPacket
1772702683538027,11851,1051,0,VideoPacket
1772702683538101,11852,1051,0,VideoPacket
1772702683538426,11853,1051,0,VideoPacket
1772702683538505,11854,1051,0,VideoPacket
1772702683538572,11855,1186,0,FECPacket
1772702683575521,1496,1092,0,Retransmission:11837
1772702683579985,11856,1139,0,VideoPacket
1772702683580098,11857,1139,0,VideoPacket
1772702683580173,11858,1139,0,VideoPacket
1772702683580244,11859,1140,0,VideoPacket
1772702683580315,11860,1140,0,VideoPacket
1772702683580623,11861,1140,0,VideoPacket
1772702683586019,11862,1186,0,FECPacket
1772702683621439,11863,976,0,VideoPacket
1772702683621585,11864,976,0,VideoPacket
1772702683621660,11865,976,0,VideoPacket
1772702683621729,11866,977,0,VideoPacket
1772702683621799,11867,977,0,VideoPacket
1772702683621881,11868,977,0,VideoPacket
1772702683663710,11869,1050,0,VideoPacket
1772702683663816,11870,1051,0,VideoPacket
1772702683663890,11871,1051,0,VideoPacket
1772702683663960,11872,1051,0,VideoPacket
1772702683664031,11873,1051,0,VideoPacket
1772702683664116,11874,1051,0,VideoPacket
1772702683664182,11875,1170,0,FECPacket
1772702683705051,11876,1043,0,VideoPacket
1772702683705431,11877,1043,0,VideoPacket
1772702683705510,11878,1043,0,VideoPacket
1772702683705583,11879,1044,0,VideoPacket
1772702683705654,11880,1044,0,VideoPacket
1772702683705724,11881,1028,0,VideoPacket
1772702683705792,11882,1170,0,FECPacket
1772702683739263,1497,1142,0,Retransmission:11861
1772702683746700,11883,1041,0,VideoPacket
1772702683746861,11884,1041,0,VideoPacket
1772702683747166,11885,1041,0,VideoPacket
1772702683747244,11886,1041,0,VideoPacket
1772702683747315,11887,1042,0,VideoPacket
1772702683747386,11888,1042,0,VideoPacket
1772702683747451,11889,1170,0,FECPacket
1772702683789195,11890,1021,0,VideoPacket
1772702683789328,11891,1021,0,VideoPacket
1772702683789402,11892,1021,0,VideoPacket
1772702683789703,11893,1021,0,VideoPacket
1772702683789780,11894,1021,0,VideoPacket
1772702683789865,11895,1022,0,VideoPacket
1772702683789932,11896,1081,0,FECPacket
1772702683830244,11897,1021,0,VideoPacket
1772702683830382,11898,1021,0,VideoPacket
1772702683830463,11899,1021,0,VideoPacket
1772702683830534,11900,1021,0,VideoPacket
1772702683830838,11901,1022,0,VideoPacket
1772702683830916,11902,1022,0,VideoPacket
1772702683830989,11903,1022,0,VideoPacket
1772702683831054,11904,1081,0,FECPacket
1772702683871732,11905,1138,0,VideoPacket
1772702683871864,11906,1138,0,VideoPacket
1772702683871967,11907,1138,0,VideoPacket
1772702683872107,11908,1138,0,VideoPacket
1772702683872468,11909,1138,0,VideoPacket
1772702683877652,11910,1168,0,FECPacket
1772702683913717,11911,997,0,VideoPacket
1772702683913874,11912,997,0,VideoPacket
1772702683913973,11913,998,0,VideoPacket
1772702683914077,11914,998,0,VideoPacket
1772702683914181,11915,998,0,VideoPacket
1772702683914281,11916,998,0,VideoPacket
1772702683914617,11917,982,0,VideoPacket
1772702683919827,11918,1168,0,FECPacket
1772702683955211,11919,1135,0,VideoPacket
1772702683955336,11920,1135,0,VideoPacket
1772702683955427,11921,1135,0,VideoPacket
1772702683955519,11922,1135,0,VideoPacket
1772702683955626,11923,1135,0,VideoPacket
1772702683955717,11924,1136,0,VideoPacket
1772702683994982,1498,1044,0,Retransmission:11888
1772702683999241,11925,1065,0,VideoPacket
1772702683999333,11926,1065,0,VideoPacket
1772702683999413,11927,1065,0,VideoPacket
1772702683999488,11928,1065,0,VideoPacket
1772702683999562,11929,1065,0,VideoPacket
1772702683999652,11930,1065,0,VideoPacket
1772702683999753,11931,1168,0,FECPacket
1772702684042427,11932,1086,0,VideoPacket
1772702684042838,11933,1086,0,VideoPacket
1772702684042920,11934,1086,0,VideoPacket
1772702684042999,11935,1086,0,VideoPacket
1772702684043076,11936,1087,0,VideoPacket
1772702684043172,11937,1087,0,VideoPacket
1772702684043258,11938,1168,0,FECPacket
1772702684078618,11939,819,0,VideoPacket
1772702684078756,11940,819,0,VideoPacket
1772702684093044,1499,1024,0,Retransmission:11901
1772702684121396,11941,1048,0,VideoPacket
1772702684121491,11942,1049,0,VideoPacket
1772702684121570,11943,1033,0,VideoPacket
1772702684121643,11944,1166,0,FECPacket
1772702684121814,1500,1140,0,Retransmission:11905
1772702684163505,11945,913,0,VideoPacket
1772702684163630,11946,913,0,VideoPacket
1772702684163719,11947,914,0,VideoPacket
1772702684163834,11948,914,0,VideoPacket
1772702684204981,11949,869,0,VideoPacket
1772702684205078,11950,869,0,VideoPacket
1772702684205157,11951,870,0,VideoPacket
1772702684205232,11952,870,0,VideoPacket
1772702684205303,11953,1166,0,FECPacket
1772702684246540,11954,1023,0,VideoPacket
1772702684246673,11955,1024,0,VideoPacket
1772702684246754,11956,1024,0,VideoPacket
1772702684247105,11957,1024,0,VideoPacket
1772702684251359,1501,1137,0,Retransmission:11920
1772702684289602,1502,1138,0,Retransmission:11924
1772702684289707,11958,1117,0,FECPacket
1772702684289790,11959,1146,0,VideoPacket
1772702684289895,11960,1146,0,VideoPacket
1772702684289990,11961,1146,0,VideoPacket
1772702684334583,1503,1067,0,Retransmission:11925
1772702684334729,11962,1087,0,VideoPacket
1772702684334840,11963,1087,0,VideoPacket
1772702684334934,11964,1087,0,VideoPacket
1772702684335295,11965,1087,0,VideoPacket
1772702684377206,1504,1088,0,Retransmission:11934
1772702684377334,11966,1088,0,VideoPacket
1772702684377435,11967,1088,0,VideoPacket
1772702684377527,11968,1088,0,VideoPacket
1772702684377617,11969,1088,0,VideoPacket
1772702684420675,1505,1050,0,Retransmission:11941
1772702684420796,11970,1088,0,VideoPacket
1772702684420892,11971,1088,0,VideoPacket
1772702684421225,11972,1088,0,VideoPacket
1772702684421303,11973,1088,0,VideoPacket
1772702684470015,11974,1088,0,VideoPacket
1772702684470115,11975,1088,0,VideoPacket
1772702684470196,11976,1072,0,VideoPacket
1772702684470267,11977,1176,0,FECPacket
1772702684470342,11978,801,0,VideoPacket
1772702684510800,11979,1095,0,VideoPacket
1772702684510952,11980,1176,0,FECPacket
1772702684511295,11981,836,0,VideoPacket
1772702684511374,11982,836,0,VideoPacket
1772702684511448,11983,824,0,VideoPacket
1772702684552063,11984,825,0,VideoPacket
1772702684552193,11985,1176,0,FECPacket
1772702684552271,11986,990,0,VideoPacket
1772702684552349,11987,974,0,VideoPacket
1772702684578905,11988,949,0,VideoPacket
1772702684579278,11989,949,0,VideoPacket
1772702684579354,11990,949,0,VideoPacket
1772702684579429,11991,1176,0,FECPacket
1772702684620250,11992,785,0,VideoPacket
1772702684620393,11993,785,0,VideoPacket
1772702684620475,11994,786,0,VideoPacket
1772702684663081,11995,992,0,VideoPacket
1772702684663246,11996,992,0,VideoPacket
1772702684663565,11997,992,0,VideoPacket
1772702684666222,11998,1125,0,FECPacket
1772702684703720,11999,1029,0,VideoPacket
1772702684703848,12000,1030,0,VideoPacket
1772702684745546,12001,879,0,VideoPacket
1772702684745655,12002,880,0,VideoPacket
1772702684745736,12003,864,0,VideoPacket
1772702684787576,12004,906,0,VideoPacket
1772702684787956,12005,906,0,VideoPacket
1772702684788035,12006,906,0,VideoPacket
1772702684788124,12007,1125,0,FECPacket
1772702684826922,1506,826,0,Retransmission:11983
1772702684829340,12008,976,0,VideoPacket
1772702684829443,12009,977,0,VideoPacket
1772702684829559,12010,977,0,VideoPacket
1772702684870673,12011,919,0,VideoPacket
1772702684870801,12012,919,0,VideoPacket
1772702684871137,12013,920,0,VideoPacket
1772702684876978,12014,1060,0,FECPacket
1772702684912742,12015,885,0,VideoPacket
1772702684912880,12016,885,0,VideoPacket
1772702684912961,12017,885,0,VideoPacket
1772702684913868,1507,788,0,Retransmission:11994
1772702684954374,12018,982,0,VideoPacket
1772702684954517,12019,982,0,VideoPacket
1772702684954614,12020,966,0,VideoPacket
1772702684996518,12021,964,0,VideoPacket
1772702684996618,12022,964,0,VideoPacket
1772702684996704,12023,964,0,VideoPacket
1772702684996771,12024,1060,0,FECPacket
1772702685038954,12025,1128,0,VideoPacket
1772702685039086,12026,1128,0,VideoPacket
1772702685039282,12027,1128,0,VideoPacket
1772702685039366,12028,1128,0,VideoPacket
1772702685081583,12029,1128,0,VideoPacket
1772702685081689,12030,1128,0,VideoPacket
1772702685081770,12031,1129,0,VideoPacket
1772702685081854,12032,1129,0,VideoPacket
1772702685122450,12033,814,0,VideoPacket
1772702685122588,12034,814,0,VideoPacket
1772702685122670,12035,815,0,VideoPacket
1772702685122742,12036,1158,0,FECPacket
1772702685123066,12037,1004,0,VideoPacket
1772702685164870,12038,1004,0,VideoPacket
1772702685165019,12039,1004,0,VideoPacket
1772702685165100,12040,1159,0,FECPacket
1772702685165176,12041,925,0,VideoPacket
1772702685165255,12042,926,0,VideoPacket
1772702685212141,12043,926,0,VideoPacket
1772702685212289,12044,910,0,VideoPacket
1772702685212605,12045,1067,0,VideoPacket
1772702685212684,12046,1068,0,VideoPacket
1772702685212766,12047,1068,0,VideoPacket
1772702685257057,1508,1130,0,Retransmission:12029
1772702685257179,1509,1131,0,Retransmission:12031
1772702685257248,12048,1159,0,FECPacket
1772702685257333,12049,1144,0,VideoPacket
1772702685299201,12050,1144,0,VideoPacket
1772702685299381,12051,1145,0,VideoPacket
1772702685299486,12052,1002,0,VideoPacket
1772702685299987,12053,1002,0,VideoPacket
1772702685300111,12054,1002,0,VideoPacket
1772702685348395,12055,1175,0,FECPacket
1772702685348534,12056,869,0,VideoPacket
1772702685348667,12057,870,0,VideoPacket
1772702685348772,12058,870,0,VideoPacket
1772702685348900,12059,870,0,VideoPacket
1772702685350676,1510,1069,0,Retransmission:12045
1772702685371390,12060,986,0,VideoPacket
1772702685371756,12061,987,0,VideoPacket
1772702685418772,12062,971,0,VideoPacket
1772702685418905,12063,1175,0,FECPacket
1772702685418984,12064,898,0,VideoPacket
1772702685419068,12065,898,0,VideoPacket
1772702685419149,12066,898,0,VideoPacket
1772702685463976,12067,899,0,VideoPacket
1772702685464347,12068,979,0,VideoPacket
1772702685464429,12069,979,0,VideoPacket
1772702685464510,12070,980,0,VideoPacket
1772702685464581,12071,1175,0,FECPacket
1772702685469374,1511,1004,0,Retransmission:12054
1772702685496454,12072,1015,0,VideoPacket
1772702685496600,12073,1015,0,VideoPacket
1772702685536924,12074,1016,0,VideoPacket
1772702685538303,12075,1026,0,VideoPacket
1772702685538383,12076,1026,0,VideoPacket
1772702685538465,12077,1027,0,VideoPacket
1772702685538536,12078,1175,0,FECPacket
1772702685579969,12079,1055,0,VideoPacket
1772702685580113,12080,1056,0,VideoPacket
1772702685580197,12081,1040,0,VideoPacket
1772702685621722,12082,1110,0,VideoPacket
1772702685621830,12083,1110,0,VideoPacket
1772702685621911,12084,1110,0,VideoPacket
1772702685621981,12085,1175,0,FECPacket
1772702685663346,12086,1060,0,VideoPacket
1772702685663486,12087,1060,0,VideoPacket
1772702685663566,12088,1061,0,VideoPacket
1772702685701009,1512,1057,0,Retransmission:12079
1772702685705571,12089,1010,0,VideoPacket
1772702685705659,12090,1010,0,VideoPacket
1772702685705737,12091,1011,0,VideoPacket
1772702685705816,12092,1140,0,FECPacket
1772702685747064,12093,1068,0,VideoPacket
1772702685747200,12094,1069,0,VideoPacket
1772702685747279,12095,1069,0,VideoPacket
1772702685789076,12096,1129,0,VideoPacket
1772702685789175,12097,1130,0,VideoPacket
1772702685789257,12098,1114,0,VideoPacket
1772702685789333,12099,1159,0,FECPacket
1772702685830428,12100,1136,0,VideoPacket
1772702685830571,12101,1136,0,VideoPacket
1772702685830653,12102,1137,0,VideoPacket
1772702685872319,12103,973,0,VideoPacket
1772702685872419,12104,973,0,VideoPacket
1772702685872501,12105,974,0,VideoPacket
1772702685872573,12106,1167,0,FECPacket
1772702685913584,12107,1011,0,VideoPacket
1772702685913720,12108,1012,0,VideoPacket
1772702685913800,12109,1012,0,VideoPacket
1772702685955533,12110,1119,0,VideoPacket
1772702685955637,12111,1120,0,VideoPacket
1772702685955720,12112,1120,0,VideoPacket
1772702685955819,12113,1167,0,FECPacket
1772702685997100,12114,1039,0,VideoPacket
1772702685997241,12115,1039,0,VideoPacket
1772702685997319,12116,1024,0,VideoPacket
1772702686034246,1513,1014,0,Retransmission:12108
1772702686039135,12117,982,0,VideoPacket
1772702686039224,12118,983,0,VideoPacket
1772702686039306,12119,983,0,VideoPacket
1772702686039378,12120,1167,0,FECPacket
1772702686080388,12121,1011,0,VideoPacket
1772702686080516,12122,1011,0,VideoPacket
1772702686080599,12123,1012,0,VideoPacket
1772702686122608,12124,1083,0,VideoPacket
1772702686122710,12125,1084,0,VideoPacket
1772702686122795,12126,1084,0,VideoPacket
1772702686122880,12127,1167,0,FECPacket
1772702686159789,1514,1026,0,Retransmission:12116
1772702686159947,1515,984,0,Retransmission:12117
1772702686164065,12128,1029,0,VideoPacket
1772702686164166,12129,1030,0,VideoPacket
1772702686164247,12130,1030,0,VideoPacket
1772702686205553,1516,0,0,Padding
1772702686205938,12131,938,0,VideoPacket
1772702686210312,12132,939,0,VideoPacket
1772702686213613,12133,923,0,VideoPacket
1772702686216845,12134,1167,0,FECPacket
1772702686220091,1517,925,0,Padding
1772702686247255,12135,1031,0,VideoPacket
1772702686247371,12136,1031,0,VideoPacket
1772702686247451,12137,1032,0,VideoPacket
1772702686289213,12138,934,0,VideoPacket
1772702686289307,12139,934,0,VideoPacket
1772702686289389,12140,934,0,VideoPacket
1772702686289461,12141,1150,0,FECPacket
1772702686330891,12142,1004,0,VideoPacket
1772702686331010,12143,1004,0,VideoPacket
1772702686331086,12144,1005,0,VideoPacket
1772702686373289,12145,1036,0,VideoPacket
1772702686373391,12146,1036,0,VideoPacket
1772702686373472,12147,1036,0,VideoPacket
1772702686373544,12148,1114,0,FECPacket
1772702686414656,12149,1126,0,VideoPacket
1772702686414787,12150,1126,0,VideoPacket
1772702686414878,12151,1110,0,VideoPacket
1772702686456290,12152,974,0,VideoPacket
1772702686456390,12153,974,0,VideoPacket
1772702686456473,12154,974,0,VideoPacket
1772702686456544,12155,1156,0,FECPacket
1772702686493898,1518,1038,0,Retransmission:12145
1772702686498340,12156,978,0,VideoPacket
1772702686498442,12157,978,0,VideoPacket
1772702686498522,12158,978,0,VideoPacket
1772702686535382,1519,1128,0,Retransmission:12150
1772702686541992,12159,1079,0,VideoPacket
1772702686542086,12160,1079,0,VideoPacket
1772702686542167,12161,1079,0,VideoPacket
1772702686542244,12162,1079,0,VideoPacket
1772702686542324,12163,1079,0,VideoPacket
1772702686542424,12164,1079,0,VideoPacket
1772702686542664,12165,1079,0,VideoPacket
1772702686542739,12166,1079,0,VideoPacket
1772702686542831,12167,1079,0,VideoPacket
1772702686542907,12168,1080,0,VideoPacket
1772702686542987,12169,1080,0,VideoPacket
1772702686543058,12170,1156,0,FECPacket
1772702686585768,12171,1156,0,FECPacket
1772702686585900,12172,1071,0,VideoPacket
1772702686586166,12173,1072,0,VideoPacket
1772702686586243,12174,1072,0,VideoPacket
1772702686586319,12175,1072,0,VideoPacket
1772702686586392,12176,1156,0,FECPacket
1772702686623456,12177,1049,0,VideoPacket
1772702686623580,12178,1049,0,VideoPacket
1772702686623658,12179,1050,0,VideoPacket
1772702686623937,12180,1050,0,VideoPacket
1772702686624016,12181,1034,0,VideoPacket
1772702686624111,12182,1110,0,FECPacket
1772702686663325,1520,1081,0,Retransmission:12165
1772702686665628,12183,1150,0,VideoPacket
1772702686665723,12184,1151,0,VideoPacket
1772702686665814,12185,1151,0,VideoPacket
1772702686665893,12186,1151,0,VideoPacket
1772702686666229,12187,1151,0,VideoPacket
1772702686671481,12188,1181,0,FECPacket
1772702686707339,12189,1133,0,VideoPacket
1772702686707467,12190,1133,0,VideoPacket
1772702686707547,12191,1133,0,VideoPacket
1772702686707631,12192,1133,0,VideoPacket
1772702686707712,12193,1133,0,VideoPacket
1772702686749253,12194,997,0,VideoPacket
1772702686749352,12195,997,0,VideoPacket
1772702686749433,12196,997,0,VideoPacket
1772702686749510,12197,998,0,VideoPacket
1772702686749586,12198,998,0,VideoPacket
1772702686749662,12199,998,0,VideoPacket
1772702686749915,12200,998,0,VideoPacket
1772702686749985,12201,1181,0,FECPacket
1772702686750071,12202,1181,0,FECPacket
1772702686790320,12203,1008,0,VideoPacket
1772702686790455,12204,1009,0,VideoPacket
1772702686790537,12205,1009,0,VideoPacket
1772702686790614,12206,1009,0,VideoPacket
1772702686790693,12207,1009,0,VideoPacket
1772702686832793,12208,1145,0,VideoPacket
1772702686832902,12209,1146,0,VideoPacket
1772702686832986,12210,1146,0,VideoPacket
1772702686833063,12211,1146,0,VideoPacket
1772702686833141,12212,1146,0,VideoPacket
1772702686833218,12213,1130,0,VideoPacket
1772702686833293,12214,1181,0,FECPacket
1772702686874361,12215,1019,0,VideoPacket
1772702686874455,12216,1019,0,VideoPacket
1772702686874534,12217,1019,0,VideoPacket
1772702686874616,12218,1020,0,VideoPacket
1772702686874694,12219,1020,0,VideoPacket
1772702686874771,12220,1020,0,VideoPacket
1772702686874855,12221,1176,0,FECPacket
1772702686911113,1521,1010,0,Retransmission:12203
1772702686916000,12222,1021,0,VideoPacket
1772702686916107,12223,1021,0,VideoPacket
1772702686916194,12224,1022,0,VideoPacket
1772702686916272,12225,1022,0,VideoPacket
1772702686916343,12226,1022,0,VideoPacket
1772702686916419,12227,1022,0,VideoPacket
1772702686916490,12228,1176,0,FECPacket
1772702686958053,12229,1089,0,VideoPacket
1772702686958148,12230,1089,0,VideoPacket
1772702686958228,12231,1090,0,VideoPacket
1772702686958306,12232,1090,0,VideoPacket
1772702686958387,12233,1090,0,VideoPacket
1772702686958464,12234,1090,0,VideoPacket
1772702686958707,12235,1090,0,VideoPacket
1772702686958777,12236,1176,0,FECPacket
1772702686958853,12237,1176,0,FECPacket
1772702686999247,12238,1147,0,VideoPacket
1772702686999371,12239,1147,0,VideoPacket
1772702686999458,12240,1147,0,VideoPacket
1772702686999550,12241,1147,0,VideoPacket
1772702686999635,12242,1147,0,VideoPacket
1772702687036645,1522,1023,0,Retransmission:12222
1772702687036801,1523,1024,0,Retransmission:12224
1772702687041495,12243,1052,0,VideoPacket
1772702687041583,12244,1052,0,VideoPacket
1772702687041662,12245,1052,0,VideoPacket
1772702687041741,12246,1052,0,VideoPacket
1772702687041835,12247,1053,0,VideoPacket
1772702687041917,12248,1053,0,VideoPacket
1772702687042171,12249,1037,0,VideoPacket
1772702687042246,12250,1177,0,FECPacket
1772702687042315,12251,1177,0,FECPacket
1772702687096174,12252,1018,0,VideoPacket
1772702687096360,12253,1018,0,VideoPacket
1772702687096450,12254,1018,0,VideoPacket
1772702687096540,12255,1018,0,VideoPacket
1772702687096625,12256,1018,0,VideoPacket
1772702687097011,12257,1018,0,VideoPacket
1772702687097120,12258,1019,0,VideoPacket
1772702687097205,12259,1177,0,FECPacket
1772702687097863,1524,1092,0,Retransmission:12232
1772702687128906,12260,1017,0,VideoPacket
1772702687129092,12261,1017,0,VideoPacket
1772702687129195,12262,1017,0,VideoPacket
1772702687129292,12263,1017,0,VideoPacket
1772702687129702,12264,1017,0,VideoPacket
1772702687129813,12265,1018,0,VideoPacket
1772702687129910,12266,1018,0,VideoPacket
1772702687129992,12267,1177,0,FECPacket
1772702687170279,12268,1145,0,VideoPacket
1772702687170430,12269,1145,0,VideoPacket
1772702687170521,12270,1145,0,VideoPacket
1772702687170904,12271,1146,0,VideoPacket
1772702687170993,12272,1146,0,VideoPacket
1772702687171076,12273,1146,0,VideoPacket
1772702687171155,12274,1176,0,FECPacket
1772702687212260,12275,1002,0,VideoPacket
1772702687212430,12276,1002,0,VideoPacket
1772702687212522,12277,1002,0,VideoPacket
1772702687212907,12278,1002,0,VideoPacket
1772702687212997,12279,1002,0,VideoPacket
1772702687213086,12280,1002,0,VideoPacket
1772702687213170,12281,1002,0,VideoPacket
1772702687213249,12282,1176,0,FECPacket
1772702687254055,12283,1024,0,VideoPacket
1772702687254220,12284,1024,0,VideoPacket
1772702687254619,12285,1024,0,VideoPacket
1772702687254708,12286,1024,0,VideoPacket
1772702687254793,12287,1025,0,VideoPacket
1772702687254892,12288,1025,0,VideoPacket
1772702687254977,12289,1009,0,VideoPacket
1772702687255059,12290,1176,0,FECPacket
1772702687295993,12291,1143,0,VideoPacket
1772702687296387,12292,1143,0,VideoPacket
1772702687296465,12293,1143,0,VideoPacket
1772702687296539,12294,1143,0,VideoPacket
1772702687296610,12295,1143,0,VideoPacket
1772702687296693,12296,1143,0,VideoPacket
1772702687296759,12297,1176,0,FECPacket
1772702687337884,12298,1109,0,VideoPacket
1772702687338233,12299,1109,0,VideoPacket
1772702687338311,12300,1109,0,VideoPacket
1772702687338387,12301,1109,0,VideoPacket
1772702687338457,12302,1109,0,VideoPacket
1772702687338526,12303,1109,0,VideoPacket
1772702687338595,12304,1173,0,FECPacket
1772702687378111,12305,1152,0,VideoPacket
1772702687378474,12306,1152,0,VideoPacket
1772702687378551,12307,1153,0,VideoPacket
1772702687378628,12308,1153,0,VideoPacket
1772702687378703,12309,1153,0,VideoPacket
1772702687378775,12310,1153,0,VideoPacket
1772702687378863,12311,1182,0,FECPacket
1772702687416968,12312,1117,0,VideoPacket
1772702687417327,12313,1117,0,VideoPacket
1772702687417404,12314,1117,0,VideoPacket
1772702687417481,12315,1117,0,VideoPacket
1772702687417554,12316,1117,0,VideoPacket
1772702687417628,12317,1117,0,VideoPacket
1772702687417701,12318,1183,0,FECPacket
1772702687461243,12319,1001,0,VideoPacket
1772702687461625,12320,1001,0,VideoPacket
1772702687461701,12321,1001,0,VideoPacket
1772702687461778,12322,1002,0,VideoPacket
1772702687461875,12323,1002,0,VideoPacket
1772702687461954,12324,1002,0,VideoPacket
1772702687462027,12325,986,0,VideoPacket
1772702687462101,12326,1183,0,FECPacket
1772702687503206,12327,1002,0,VideoPacket
1772702687503306,12328,1002,0,VideoPacket
1772702687503384,12329,1002,0,VideoPacket
1772702687503460,12330,1002,0,VideoPacket
1772702687503533,12331,1003,0,VideoPacket
1772702687503607,12332,1003,0,VideoPacket
1772702687503855,12333,1003,0,VideoPacket
1772702687503926,12334,1183,0,FECPacket
1772702687503992,12335,1183,0,FECPacket
1772702687539867,1525,1004,0,Retransmission:12278
1772702687544689,12336,1137,0,VideoPacket
1772702687544831,12337,1137,0,VideoPacket
1772702687544912,12338,1137,0,VideoPacket
1772702687544992,12339,1137,0,VideoPacket
1772702687545073,12340,1138,0,VideoPacket
1772702687545349,12341,1138,0,VideoPacket
1772702687550611,12342,1168,0,FECPacket
1772702687584661,12343,947,0,VideoPacket
1772702687584823,12344,947,0,VideoPacket
1772702687584905,12345,948,0,VideoPacket
1772702687623912,12346,955,0,VideoPacket
1772702687624097,12347,955,0,VideoPacket
1772702687624388,12348,956,0,VideoPacket
1772702687624464,12349,956,0,VideoPacket
1772702687624535,12350,1168,0,FECPacket
1772702687665576,12351,929,0,VideoPacket
1772702687665729,12352,929,0,VideoPacket
1772702687665823,12353,929,0,VideoPacket
1772702687665901,12354,914,0,VideoPacket
1772702687689630,1526,1145,0,Retransmission:12295
1772702687707615,12355,992,0,VideoPacket
1772702687707716,12356,992,0,VideoPacket
1772702687707790,12357,992,0,VideoPacket
1772702687707872,12358,992,0,VideoPacket
1772702687707938,12359,1168,0,FECPacket
1772702687789666,12360,952,0,VideoPacket
1772702687789841,12361,953,0,VideoPacket
1772702687873425,12362,921,0,VideoPacket
1772702687873534,12363,905,0,VideoPacket
1772702687873613,12364,1168,0,FECPacket
1772702687956692,12365,941,0,VideoPacket
1772702687956858,12366,941,0,VideoPacket
1772702688030300,1527,1005,0,Retransmission:12332
1772702688040521,12367,957,0,VideoPacket
1772702688040680,12368,958,0,VideoPacket
1772702688117849,1528,1140,0,Retransmission:12341
1772702688123665,12369,952,0,VideoPacket
1772702688123791,12370,937,0,VideoPacket
1772702688123917,12371,1022,0,FECPacket
1772702688202467,1529,931,0,Retransmission:12353
1772702688206911,12372,1059,0,VideoPacket
1772702688207037,12373,1059,0,VideoPacket
1772702688294781,12374,1086,0,VideoPacket
1772702688294990,12375,1086,0,VideoPacket
1772702688295373,12376,1086,0,VideoPacket
1772702688295481,12377,1086,0,VideoPacket
1772702688337055,12378,1087,0,VideoPacket
1772702688337228,12379,1087,0,VideoPacket
1772702688337340,12380,1087,0,VideoPacket
1772702688337449,12381,1087,0,VideoPacket
1772702688378174,12382,1087,0,VideoPacket
1772702688378315,12383,1087,0,VideoPacket
1772702688378427,12384,1087,0,VideoPacket
1772702688378535,12385,1087,0,VideoPacket
1772702688418649,12386,1087,0,VideoPacket
1772702688418790,12387,1071,0,VideoPacket
1772702688418911,12388,1116,0,FECPacket
1772702688419894,12389,756,0,VideoPacket
1772702688420005,12390,628,0,VideoPacket
1772702688465143,12391,1117,0,FECPacket
1772702688465289,12392,1151,0,VideoPacket
1772702688465395,12393,1117,0,FECPacket
1772702688465503,12394,825,0,VideoPacket
1772702688465612,12395,826,0,VideoPacket
1772702688471940,1530,1089,0,Retransmission:12379
1772702688499045,12396,647,0,VideoPacket
1772702688499502,12397,647,0,VideoPacket
1772702688504736,12398,1181,0,FECPacket
1772702688541208,12399,896,0,VideoPacket
1772702688541384,12400,880,0,VideoPacket
1772702688583443,12401,1021,0,VideoPacket
1772702688583632,12402,1022,0,VideoPacket
1772702688625041,12403,870,0,VideoPacket
1772702688625421,12404,870,0,VideoPacket
1772702688625513,12405,870,0,VideoPacket
1772702688625615,12406,1181,0,FECPacket
1772702688667405,12407,1087,0,VideoPacket
1772702688667589,12408,1087,0,VideoPacket
1772702688667700,12409,1087,0,VideoPacket
1772702688708480,12410,803,0,VideoPacket
1772702688708941,12411,804,0,VideoPacket
1772702688709051,12412,804,0,VideoPacket
1772702688709155,12413,1181,0,FECPacket
1772702688750486,12414,938,0,VideoPacket
1772702688750672,12415,939,0,VideoPacket
1772702688750788,12416,923,0,VideoPacket
1772702688793494,12417,1049,0,VideoPacket
1772702688793858,12418,1050,0,VideoPacket
1772702688793937,12419,1050,0,VideoPacket
1772702688794014,12420,1050,0,VideoPacket
1772702688794092,12421,1050,0,VideoPacket
1772702688844575,1531,1089,0,Retransmission:12409
1772702688844719,12422,1050,0,VideoPacket
1772702688844811,12423,1050,0,VideoPacket
1772702688845079,12424,1050,0,VideoPacket
1772702688845155,12425,1050,0,VideoPacket
1772702688894327,12426,1117,0,FECPacket
1772702688894504,12427,420,0,VideoPacket
1772702688894593,12428,1117,0,FECPacket
1772702688894679,12429,811,0,VideoPacket
1772702688914611,1532,1052,0,Retransmission:12420
1772702688916609,12430,1154,0,VideoPacket
1772702688916704,12431,1155,0,VideoPacket
1772702688959099,12432,992,0,VideoPacket
1772702688959221,12433,992,0,VideoPacket
1772702688959332,12434,977,0,VideoPacket
1772702688959431,12435,1185,0,FECPacket
1772702689000980,12436,985,0,VideoPacket
1772702689001135,12437,985,0,VideoPacket
1772702689015899,1533,422,0,Retransmission:12427
1772702689042598,12438,933,0,VideoPacket
1772702689042987,12439,934,0,VideoPacket
1772702689043087,12440,934,0,VideoPacket
1772702689043177,12441,1185,0,FECPacket
1772702689084327,12442,806,0,VideoPacket
1772702689084475,12443,806,0,VideoPacket
1772702689084586,12444,807,0,VideoPacket
1772702689125910,12445,882,0,VideoPacket
1772702689126082,12446,882,0,VideoPacket
1772702689126188,12447,882,0,VideoPacket
1772702689126786,12448,882,0,VideoPacket
1772702689132075,12449,1185,0,FECPacket
1772702689172000,12450,1185,0,FECPacket
1772702689172162,12451,1185,0,FECPacket
1772702689172271,12452,863,0,VideoPacket
1772702689172378,12453,863,0,VideoPacket
1772702689172483,12454,847,0,VideoPacket
1772702689209063,12455,1094,0,VideoPacket
1772702689209210,12456,1094,0,VideoPacket
1772702689251118,12457,943,0,VideoPacket
1772702689251274,12458,943,0,VideoPacket
1772702689251900,12459,944,0,VideoPacket
1772702689252011,12460,944,0,VideoPacket
1772702689252128,12461,1185,0,FECPacket
1772702689299696,12462,1185,0,FECPacket
1772702689299881,12463,1185,0,FECPacket
1772702689299991,12464,1133,0,VideoPacket
1772702689300115,12465,1134,0,VideoPacket
1772702689334199,12466,856,0,VideoPacket
1772702689334367,12467,857,0,VideoPacket
1772702689334455,12468,857,0,VideoPacket
1772702689372365,1534,945,0,Retransmission:12458
1772702689376406,12469,938,0,VideoPacket
1772702689377017,12470,939,0,VideoPacket
1772702689377123,12471,923,0,VideoPacket
1772702689377200,12472,1164,0,FECPacket
1772702689420767,12473,1164,0,FECPacket
1772702689420946,12474,1164,0,FECPacket
1772702689421051,12475,848,0,VideoPacket
1772702689421160,12476,848,0,VideoPacket
1772702689421247,12477,848,0,VideoPacket
1772702689459476,12478,1060,0,VideoPacket
1772702689459659,12479,1060,0,VideoPacket
1772702689459762,12480,1061,0,VideoPacket
1772702689501907,12481,927,0,VideoPacket
1772702689502031,12482,928,0,VideoPacket
1772702689502116,12483,928,0,VideoPacket
1772702689502186,12484,1164,0,FECPacket
1772702689502255,12485,1164,0,FECPacket
1772702689551280,12486,1164,0,FECPacket
1772702689551435,12487,918,0,VideoPacket
1772702689551520,12488,918,0,VideoPacket
1772702689551598,12489,919,0,VideoPacket
1772702689584754,12490,862,0,VideoPacket
1772702689584893,12491,862,0,VideoPacket
1772702689585421,12492,846,0,VideoPacket
1772702689585564,12493,1164,0,FECPacket
1772702689585642,12494,1164,0,FECPacket
1772702689633629,1535,1063,0,Retransmission:12480
1772702689633766,12495,1164,0,FECPacket
1772702689633862,12496,1094,0,VideoPacket
1772702689633943,12497,1095,0,VideoPacket
1772702689675789,12498,1095,0,VideoPacket
1772702689675958,12499,788,0,VideoPacket
1772702689676058,12500,789,0,VideoPacket
1772702689676155,12501,789,0,VideoPacket
1772702689709860,12502,1085,0,VideoPacket
1772702689710489,12503,1085,0,VideoPacket
1772702689710582,12504,1085,0,VideoPacket
1772702689710659,12505,1125,0,FECPacket
1772702689751150,12506,1125,0,FECPacket
1772702689751301,12507,1125,0,FECPacket
1772702689751379,12508,1024,0,VideoPacket
1772702689751461,12509,1024,0,VideoPacket
1772702689793012,12510,943,0,VideoPacket
1772702689793168,12511,943,0,VideoPacket
1772702689793249,12512,927,0,VideoPacket
1772702689831549,1536,1087,0,Retransmission:12502
1772702689834905,12513,1047,0,VideoPacket
1772702689835457,12514,1047,0,VideoPacket
1772702689835544,12515,1047,0,VideoPacket
1772702689835618,12516,1125,0,FECPacket
1772702689882823,12517,1125,0,FECPacket
1772702689882943,12518,1125,0,FECPacket
1772702689883028,12519,969,0,VideoPacket
1772702689883110,12520,970,0,VideoPacket
1772702689883186,12521,970,0,VideoPacket
1772702689918244,12522,1047,0,VideoPacket
1772702689918396,12523,1047,0,VideoPacket
1772702689918477,12524,1048,0,VideoPacket
1772702689960666,12525,1021,0,VideoPacket
1772702689960776,12526,1021,0,VideoPacket
1772702689960871,12527,1022,0,VideoPacket
1772702689960948,12528,1125,0,FECPacket
1772702689961017,12529,1125,0,FECPacket
1772702690011107,12530,1125,0,FECPacket
1772702690011248,12531,955,0,VideoPacket
1772702690011335,12532,956,0,VideoPacket
1772702690011440,12533,940,0,VideoPacket
1772702690043958,12534,986,0,VideoPacket
1772702690044146,12535,986,0,VideoPacket
1772702690044698,12536,986,0,VideoPacket
1772702690049967,12537,1078,0,FECPacket
1772702690086218,12538,1078,0,FECPacket
1772702690086329,12539,1078,0,FECPacket
1772702690086445,12540,845,0,VideoPacket
1772702690086525,12541,845,0,VideoPacket
1772702690086624,12542,846,0,VideoPacket
1772702690126718,12543,1130,0,VideoPacket
1772702690126889,12544,1130,0,VideoPacket
1772702690168482,12545,856,0,VideoPacket
1772702690169008,12546,856,0,VideoPacket
1772702690169092,12547,856,0,VideoPacket
1772702690169164,12548,1160,0,FECPacket
1772702690169233,12549,1160,0,FECPacket
1772702690210460,12550,873,0,VideoPacket
1772702690210624,12551,873,0,VideoPacket
1772702690210707,12552,873,0,VideoPacket
1772702690210782,12553,858,0,VideoPacket
1772702690252131,12554,1005,0,VideoPacket
1772702690252613,12555,1005,0,VideoPacket
1772702690252694,12556,1006,0,VideoPacket
1772702690252768,12557,1160,0,FECPacket
1772702690252848,12558,1160,0,FECPacket
1772702690293841,12559,956,0,VideoPacket
1772702690293989,12560,957,0,VideoPacket
1772702690294066,12561,957,0,VideoPacket
1772702690335240,12562,786,0,VideoPacket
1772702690335384,12563,786,0,VideoPacket
1772702690335817,12564,786,0,VideoPacket
1772702690337009,12565,1160,0,FECPacket
1772702690337089,12566,1160,0,FECPacket
1772702690377066,12567,904,0,VideoPacket
1772702690377276,12568,905,0,VideoPacket
1772702690377377,12569,905,0,VideoPacket
1772702690418509,12570,1008,0,VideoPacket
1772702690418656,12571,993,0,VideoPacket
1772702690460372,12572,822,0,VideoPacket
1772702690460891,12573,822,0,VideoPacket
1772702690460974,12574,822,0,VideoPacket
1772702690461046,12575,1160,0,FECPacket
1772702690461115,12576,1160,0,FECPacket
1772702690502316,12577,823,0,VideoPacket
1772702690502469,12578,823,0,VideoPacket
1772702690502547,12579,824,0,VideoPacket
1772702690543883,12580,902,0,VideoPacket
1772702690544049,12581,902,0,VideoPacket
1772702690544482,12582,902,0,VideoPacket
1772702690549737,12583,1039,0,FECPacket
1772702690549829,12584,1039,0,FECPacket
1772702690581122,1537,995,0,Retransmission:12571
1772702690585528,12585,835,0,VideoPacket
1772702690585633,12586,835,0,VideoPacket
1772702690585713,12587,836,0,VideoPacket
1772702690627192,12588,805,0,VideoPacket
1772702690627357,12589,805,0,VideoPacket
1772702690627433,12590,790,0,VideoPacket
1772702690669383,12591,812,0,VideoPacket
1772702690669486,12592,813,0,VideoPacket
1772702690669566,12593,813,0,VideoPacket
1772702690669638,12594,1039,0,FECPacket
1772702690669708,12595,1039,0,FECPacket
1772702690710844,12596,1077,0,VideoPacket
1772702690710995,12597,1078,0,VideoPacket
1772702690711087,12598,1078,0,VideoPacket
1772702690752129,12599,1013,0,VideoPacket
1772702690752638,12600,1013,0,VideoPacket
1772702690757830,12601,1108,0,FECPacket
1772702690757914,12602,1108,0,FECPacket
1772702690794293,12603,994,0,VideoPacket
1772702690794454,12604,994,0,VideoPacket
1772702690794532,12605,995,0,VideoPacket
1772702690794611,12606,995,0,VideoPacket
1772702690835140,12607,826,0,VideoPacket
1772702690835299,12608,811,0,VideoPacket
1772702690878434,12609,1056,0,VideoPacket
1772702690878542,12610,1057,0,VideoPacket
1772702690878621,12611,1057,0,VideoPacket
1772702690878701,12612,1057,0,VideoPacket
1772702690878775,12613,1057,0,VideoPacket
1772702690927282,12614,1108,0,FECPacket
1772702690927430,12615,1108,0,FECPacket
1772702690927510,12616,1086,0,VideoPacket
1772702690960999,12617,1095,0,VideoPacket
1772702690961515,12618,1096,0,VideoPacket
1772702690961598,12619,1096,0,VideoPacket
1772702690961680,12620,1096,0,VideoPacket
1772702691001609,1538,813,0,Retransmission:12608
1772702691001741,12621,1126,0,FECPacket
1772702691001801,12622,1126,0,FECPacket
1772702691001896,12623,605,0,VideoPacket
1772702691001976,12624,605,0,VideoPacket
1772702691043639,12625,951,0,VideoPacket
1772702691043799,12626,935,0,VideoPacket
1772702691087331,12627,1052,0,VideoPacket
1772702691087441,12628,1053,0,VideoPacket
1772702691087521,12629,1053,0,VideoPacket
1772702691087596,12630,1053,0,VideoPacket
1772702691087673,12631,1053,0,VideoPacket
1772702691136712,12632,1053,0,VideoPacket
1772702691136869,12633,1126,0,FECPacket
1772702691136940,12634,1126,0,FECPacket
1772702691137015,12635,674,0,VideoPacket
1772702691169476,12636,1119,0,VideoPacket
1772702691169573,12637,1120,0,VideoPacket
1772702691169655,12638,1120,0,VideoPacket
1772702691169732,12639,1120,0,VideoPacket
1772702691213443,12640,1149,0,FECPacket
1772702691213605,12641,823,0,VideoPacket
1772702691252615,12642,1087,0,VideoPacket
1772702691252765,12643,1087,0,VideoPacket
1772702691253072,12644,1072,0,VideoPacket
1772702691257463,1539,1055,0,Retransmission:12631
1772702691257544,12645,1150,0,FECPacket
1772702691293631,12646,912,0,VideoPacket
1772702691293780,12647,912,0,VideoPacket
1772702691334559,1540,1122,0,Retransmission:12639
1772702691335913,12648,1025,0,VideoPacket
1772702691336005,12649,1025,0,VideoPacket
1772702691336096,12650,1025,0,VideoPacket
1772702691377327,12651,720,0,VideoPacket
1772702691377694,12652,721,0,VideoPacket
1772702691382873,12653,1150,0,FECPacket
1772702691419401,12654,782,0,VideoPacket
1772702691419536,12655,782,0,VideoPacket
1772702691419619,12656,783,0,VideoPacket
1772702691461632,12657,948,0,VideoPacket
1772702691461784,12658,948,0,VideoPacket
1772702691461877,12659,949,0,VideoPacket
1772702691462182,12660,949,0,VideoPacket
1772702691462260,12661,933,0,VideoPacket
1772702691506185,12662,1150,0,FECPacket
1772702691506327,12663,619,0,VideoPacket
1772702691506413,12664,619,0,VideoPacket
1772702691544958,12665,876,0,VideoPacket
1772702691545062,12666,877,0,VideoPacket
1772702691545142,12667,877,0,VideoPacket
1772702691545442,12668,877,0,VideoPacket
1772702691550696,12669,1150,0,FECPacket
1772702691586175,12670,814,0,VideoPacket
1772702691586315,12671,814,0,VideoPacket
1772702691628223,12672,902,0,VideoPacket
1772702691628373,12673,902,0,VideoPacket
1772702691628455,12674,903,0,VideoPacket
1772702691628558,12675,903,0,VideoPacket
1772702691669660,12676,934,0,VideoPacket
1772702691669758,12677,919,0,VideoPacket
1772702691669842,12678,1055,0,FECPacket
1772702691711685,12679,826,0,VideoPacket
1772702691711845,12680,827,0,VideoPacket
1772702691711923,12681,827,0,VideoPacket
1772702691753502,12682,1080,0,VideoPacket
1772702691753670,12683,1080,0,VideoPacket
1772702691753985,12684,1080,0,VideoPacket
1772702691754109,12685,1080,0,VideoPacket
1772702691754197,12686,1110,0,FECPacket
1772702691794311,12687,697,0,VideoPacket
1772702691794506,12688,697,0,VideoPacket
1772702691832877,1541,829,0,Retransmission:12680
1772702691835894,12689,858,0,VideoPacket
1772702691836734,12690,858,0,VideoPacket
1772702691878666,12691,960,0,VideoPacket
1772702691879078,12692,961,0,VideoPacket
1772702691879159,12693,945,0,VideoPacket
1772702691879234,12694,1110,0,FECPacket
1772702691920295,12695,881,0,VideoPacket
1772702691920452,12696,881,0,VideoPacket
1772702691920530,12697,881,0,VideoPacket
1772702691962144,12698,1056,0,VideoPacket
1772702691962309,12699,1056,0,VideoPacket
1772702691962617,12700,1056,0,VideoPacket
1772702691967859,12701,1110,0,FECPacket
1772702692003659,12702,786,0,VideoPacket
1772702692003818,12703,786,0,VideoPacket
1772702692003896,12704,787,0,VideoPacket
1772702692045671,12705,1103,0,VideoPacket
1772702692045833,12706,1103,0,VideoPacket
1772702692045913,12707,1103,0,VideoPacket
1772702692087366,12708,849,0,VideoPacket
1772702692087468,12709,849,0,VideoPacket
1772702692087572,12710,834,0,VideoPacket
1772702692087652,12711,1133,0,FECPacket
1772702692128790,12712,792,0,VideoPacket
1772702692128947,12713,793,0,VideoPacket
1772702692129029,12714,793,0,VideoPacket
1772702692170678,12715,985,0,VideoPacket
1772702692170849,12716,985,0,VideoPacket
1772702692171155,12717,985,0,VideoPacket
1772702692176360,12718,1133,0,FECPacket
1772702692212839,12719,979,0,VideoPacket
1772702692212981,12720,980,0,VideoPacket
1772702692213058,12721,980,0,VideoPacket
1772702692213136,12722,980,0,VideoPacket
1772702692254064,12723,1011,0,VideoPacket
1772702692254207,12724,1011,0,VideoPacket
1772702692254285,12725,1012,0,VideoPacket
1772702692291475,1542,987,0,Retransmission:12715
1772702692295832,12726,874,0,VideoPacket
1772702692295923,12727,874,0,VideoPacket
1772702692296005,12728,859,0,VideoPacket
1772702692296098,12729,1133,0,FECPacket
1772702692337363,12730,876,0,VideoPacket
1772702692337521,12731,876,0,VideoPacket
1772702692337615,12732,876,0,VideoPacket
1772702692379589,12733,1049,0,VideoPacket
1772702692379740,12734,1049,0,VideoPacket
1772702692380102,12735,1049,0,VideoPacket
1772702692380183,12736,1050,0,VideoPacket
1772702692380260,12737,1133,0,FECPacket
1772702692420675,12738,810,0,VideoPacket
1772702692420833,12739,810,0,VideoPacket
1772702692420911,12740,811,0,VideoPacket
1772702692462866,12741,923,0,VideoPacket
1772702692463027,12742,923,0,VideoPacket
1772702692463115,12743,923,0,VideoPacket
1772702692463427,12744,923,0,VideoPacket
1772702692468672,12745,1080,0,FECPacket
1772702692500795,1543,1051,0,Retransmission:12735
1772702692504266,12746,947,0,VideoPacket
1772702692504363,12747,948,0,VideoPacket
1772702692504441,12748,932,0,VideoPacket
1772702692546205,12749,980,0,VideoPacket
1772702692546367,12750,980,0,VideoPacket
1772702692546446,12751,981,0,VideoPacket
1772702692546525,12752,981,0,VideoPacket
1772702692587905,12753,803,0,VideoPacket
1772702692588002,12754,804,0,VideoPacket
1772702692588099,12755,804,0,VideoPacket
1772702692588174,12756,1080,0,FECPacket
1772702692629567,12757,923,0,VideoPacket
1772702692629729,12758,924,0,VideoPacket
1772702692629818,12759,924,0,VideoPacket
1772702692629899,12760,924,0,VideoPacket
1772702692671060,12761,996,0,VideoPacket
1772702692671458,12762,997,0,VideoPacket
1772702692671534,12763,997,0,VideoPacket
1772702692671610,12764,1080,0,FECPacket
1772702692709212,1544,983,0,Retransmission:12752
1772702692713111,12765,912,0,VideoPacket
1772702692713216,12766,912,0,VideoPacket
1772702692713297,12767,912,0,VideoPacket
1772702692713375,12768,896,0,VideoPacket
1772702692754359,12769,907,0,VideoPacket
1772702692754536,12770,908,0,VideoPacket
1772702692754891,12771,908,0,VideoPacket
1772702692755224,12772,1027,0,FECPacket
1772702692796519,12773,878,0,VideoPacket
1772702692796688,12774,879,0,VideoPacket
1772702692796767,12775,879,0,VideoPacket
1772702692796860,12776,879,0,VideoPacket
1772702692838125,12777,1036,0,VideoPacket
1772702692838280,12778,1036,0,VideoPacket
1772702692838361,12779,1037,0,VideoPacket
1772702692880151,12780,1150,0,VideoPacket
1772702692880254,12781,1151,0,VideoPacket
1772702692880336,12782,1151,0,VideoPacket
1772702692880410,12783,1180,0,FECPacket
1772702692921406,12784,1059,0,VideoPacket
1772702692921563,12785,1059,0,VideoPacket
1772702692921630,12786,1043,0,VideoPacket
1772702692963241,12787,1128,0,VideoPacket
1772702692963398,12788,1128,0,VideoPacket
1772702692963716,12789,1128,0,VideoPacket
1772702692968977,12790,1181,0,FECPacket
1772702693005044,12791,1116,0,VideoPacket
1772702693005191,12792,1117,0,VideoPacket
1772702693005261,12793,1117,0,VideoPacket
1772702693046603,12794,1100,0,VideoPacket
1772702693046762,12795,1100,0,VideoPacket
1772702693046852,12796,1101,0,VideoPacket
1772702693088324,12797,1077,0,VideoPacket
1772702693088726,12798,1078,0,VideoPacket
1772702693088820,12799,1078,0,VideoPacket
1772702693088898,12800,1181,0,FECPacket
1772702693130035,12801,1131,0,VideoPacket
1772702693130198,12802,1131,0,VideoPacket
1772702693130278,12803,1116,0,VideoPacket
1772702693171937,12804,1016,0,VideoPacket
1772702693172102,12805,1016,0,VideoPacket
1772702693172189,12806,1017,0,VideoPacket
1772702693213505,12807,1105,0,VideoPacket
1772702693213919,12808,1106,0,VideoPacket
1772702693214000,12809,1106,0,VideoPacket
1772702693214077,12810,1181,0,FECPacket
1772702693255223,12811,915,0,VideoPacket
1772702693255364,12812,915,0,VideoPacket
1772702693255434,12813,915,0,VideoPacket
1772702693255524,12814,915,0,VideoPacket
1772702693296863,12815,881,0,VideoPacket
1772702693297011,12816,882,0,VideoPacket
1772702693297099,12817,882,0,VideoPacket
1772702693297423,12818,882,0,VideoPacket
1772702693302610,12819,1162,0,FECPacket
1772702693338506,12820,1041,0,VideoPacket
1772702693338656,12821,1042,0,VideoPacket
1772702693338737,12822,1026,0,VideoPacket
1772702693380378,12823,920,0,VideoPacket
1772702693380539,12824,920,0,VideoPacket
1772702693380619,12825,920,0,VideoPacket
1772702693380702,12826,920,0,VideoPacket
1772702693422025,12827,1116,0,VideoPacket
1772702693422404,12828,1116,0,VideoPacket
1772702693422485,12829,1116,0,VideoPacket
1772702693422560,12830,1162,0,FECPacket
1772702693463896,12831,1111,0,VideoPacket
1772702693464067,12832,1111,0,VideoPacket
1772702693464152,12833,1112,0,VideoPacket
1772702693505443,12834,1049,0,VideoPacket
1772702693505596,12835,1049,0,VideoPacket
1772702693505682,12836,1050,0,VideoPacket
1772702693543831,1545,1118,0,Retransmission:12828
1772702693546980,12837,1111,0,VideoPacket
1772702693547328,12838,1111,0,VideoPacket
1772702693547408,12839,1095,0,VideoPacket
1772702693547486,12840,1146,0,FECPacket
1772702693588926,12841,1145,0,VideoPacket
1772702693589089,12842,1145,0,VideoPacket
1772702693589170,12843,1146,0,VideoPacket
1772702693630557,12844,886,0,VideoPacket
1772702693630718,12845,886,0,VideoPacket
1772702693630816,12846,887,0,VideoPacket
1772702693630897,12847,887,0,VideoPacket
1772702693672957,12848,1102,0,VideoPacket
1772702693673055,12849,1102,0,VideoPacket
1772702693673140,12850,1103,0,VideoPacket
1772702693673218,12851,1103,0,VideoPacket
1772702693673293,12852,1176,0,FECPacket
1772702693713937,12853,1001,0,VideoPacket
1772702693714095,12854,1001,0,VideoPacket
1772702693714179,12855,1002,0,VideoPacket
1772702693755718,12856,895,0,VideoPacket
1772702693755887,12857,896,0,VideoPacket
1772702693756242,12858,896,0,VideoPacket
1772702693756324,12859,880,0,VideoPacket
1772702693756403,12860,1176,0,FECPacket
1772702693797416,12861,871,0,VideoPacket
1772702693797566,12862,872,0,VideoPacket
1772702693797648,12863,872,0,VideoPacket
1772702693797728,12864,872,0,VideoPacket
1772702693835746,1546,1003,0,Retransmission:12853
1772702693838995,12865,873,0,VideoPacket
1772702693839113,12866,874,0,VideoPacket
1772702693839197,12867,874,0,VideoPacket
1772702693839511,12868,874,0,VideoPacket
1772702693844691,12869,1176,0,FECPacket
1772702693880732,12870,1120,0,VideoPacket
1772702693880902,12871,1120,0,VideoPacket
1772702693880985,12872,1121,0,VideoPacket
1772702693922674,12873,934,0,VideoPacket
1772702693922842,12874,934,0,VideoPacket
1772702693922924,12875,934,0,VideoPacket
1772702693923005,12876,934,0,VideoPacket
1772702693964617,12877,1063,0,VideoPacket
1772702693965025,12878,1063,0,VideoPacket
1772702693965104,12879,1064,0,VideoPacket
1772702693965186,12880,1048,0,VideoPacket
1772702693965263,12881,1151,0,FECPacket
1772702694005796,12882,1024,0,VideoPacket
1772702694005957,12883,1025,0,VideoPacket
1772702694006038,12884,1025,0,VideoPacket
1772702694047891,12885,931,0,VideoPacket
1772702694048070,12886,931,0,VideoPacket
1772702694048155,12887,931,0,VideoPacket
1772702694048477,12888,932,0,VideoPacket
1772702694053837,12889,1151,0,FECPacket
1772702694085751,1547,1065,0,Retransmission:12878
1772702694089478,12890,960,0,VideoPacket
1772702694089580,12891,960,0,VideoPacket
1772702694089660,12892,960,0,VideoPacket
1772702694089739,12893,960,0,VideoPacket
1772702694127332,1548,1027,0,Retransmission:12883
1772702694131586,12894,991,0,VideoPacket
1772702694131688,12895,991,0,VideoPacket
1772702694131769,12896,991,0,VideoPacket
1772702694131861,12897,991,0,VideoPacket
1772702694175776,12898,991,0,VideoPacket
1772702694176369,12899,889,0,VideoPacket
1772702694176471,12900,889,0,VideoPacket
1772702694176578,12901,873,0,VideoPacket
1772702694176681,12902,1151,0,FECPacket
1772702694214656,12903,905,0,VideoPacket
1772702694214827,12904,905,0,VideoPacket
1772702694214912,12905,906,0,VideoPacket
1772702694214992,12906,906,0,VideoPacket
1772702694259616,12907,1109,0,VideoPacket
1772702694259773,12908,1109,0,VideoPacket
1772702694259868,12909,1109,0,VideoPacket
1772702694260326,12910,1109,0,VideoPacket
1772702694260441,12911,1109,0,VideoPacket
1772702694308275,12912,1109,0,VideoPacket
1772702694308433,12913,1109,0,VideoPacket
1772702694308538,12914,1109,0,VideoPacket
1772702694308645,12915,1109,0,VideoPacket
1772702694308753,12916,1109,0,VideoPacket
1772702694358983,12917,1109,0,VideoPacket
1772702694359088,12918,1109,0,VideoPacket
1772702694359171,12919,1109,0,VideoPacket
1772702694359498,12920,1109,0,VideoPacket
1772702694359577,12921,1109,0,VideoPacket
1772702694402748,12922,1109,0,VideoPacket
1772702694402865,12923,1109,0,VideoPacket
1772702694402948,12924,1110,0,VideoPacket
1772702694403025,12925,1110,0,VideoPacket
1772702694403106,12926,1094,0,VideoPacket
1772702694449258,12927,1139,0,FECPacket
1772702694449368,12928,245,0,VideoPacket
1772702694449451,12929,290,0,VideoPacket
1772702694449525,12930,1139,0,FECPacket
1772702694449601,12931,1049,0,VideoPacket
1772702694449939,12932,1049,0,VideoPacket
1772702694491861,1549,1111,0,Retransmission:12916
1772702694492020,12933,1049,0,VideoPacket
1772702694492123,12934,1050,0,VideoPacket
1772702694492205,12935,1050,0,VideoPacket
1772702694492286,12936,1034,0,VideoPacket
1772702694536565,12937,486,0,VideoPacket
1772702694536676,12938,1140,0,FECPacket
1772702694536757,12939,967,0,VideoPacket
1772702694536852,12940,812,0,VideoPacket
1772702694536931,12941,812,0,VideoPacket
1772702694537032,12942,813,0,VideoPacket
1772702694546963,12943,1014,0,VideoPacket
1772702694588791,12944,1014,0,VideoPacket
1772702694588966,12945,1140,0,FECPacket
1772702694589051,12946,867,0,VideoPacket
1772702694589127,12947,868,0,VideoPacket
1772702694589202,12948,852,0,VideoPacket
1772702694631209,12949,1142,0,VideoPacket
1772702694631368,12950,1142,0,VideoPacket
1772702694631463,12951,1143,0,VideoPacket
1772702694631551,12952,1143,0,VideoPacket
1772702694671730,12953,660,0,VideoPacket
1772702694672162,12954,660,0,VideoPacket
1772702694676272,12955,1173,0,FECPacket
1772702694714325,12956,1093,0,VideoPacket
1772702694714482,12957,1093,0,VideoPacket
1772702694714562,12958,1093,0,VideoPacket
1772702694753297,1550,1144,0,Retransmission:12949
1772702694756483,12959,1063,0,VideoPacket
1772702694756596,12960,1063,0,VideoPacket
1772702694756679,12961,1063,0,VideoPacket
1772702694756758,12962,1063,0,VideoPacket
1772702694800054,12963,1064,0,VideoPacket
1772702694800210,12964,840,0,VideoPacket
1772702694800533,12965,824,0,VideoPacket
1772702694805873,12966,1173,0,FECPacket
1772702694839690,12967,983,0,VideoPacket
1772702694839862,12968,983,0,VideoPacket
1772702694839946,12969,984,0,VideoPacket
1772702694840026,12970,984,0,VideoPacket
1772702694881142,12971,890,0,VideoPacket
1772702694881300,12972,890,0,VideoPacket
1772702694881382,12973,890,0,VideoPacket
1772702694881463,12974,891,0,VideoPacket
1772702694922618,12975,1079,0,VideoPacket
1772702694923024,12976,1079,0,VideoPacket
1772702694927680,12977,1173,0,FECPacket
1772702694964751,12978,1093,0,VideoPacket
1772702694964918,12979,1093,0,VideoPacket
1772702694965001,12980,1093,0,VideoPacket
1772702695002761,1551,892,0,Retransmission:12971
1772702695006178,12981,857,0,VideoPacket
1772702695006278,12982,857,0,VideoPacket
1772702695006360,12983,841,0,VideoPacket
1772702695048454,12984,997,0,VideoPacket
1772702695048622,12985,997,0,VideoPacket
1772702695048717,12986,997,0,VideoPacket
1772702695049053,12987,997,0,VideoPacket
1772702695054237,12988,1123,0,FECPacket
1772702695089780,12989,961,0,VideoPacket
1772702695089942,12990,961,0,VideoPacket
1772702695090029,12991,962,0,VideoPacket
1772702695131743,12992,884,0,VideoPacket
1772702695131913,12993,884,0,VideoPacket
1772702695131996,12994,884,0,VideoPacket
1772702695132105,12995,885,0,VideoPacket
1772702695170189,1552,999,0,Retransmission:12984
1772702695170345,1553,999,0,Retransmission:12985
1772702695173442,12996,1156,0,VideoPacket
1772702695173785,12997,1156,0,VideoPacket
1772702695173879,12998,1156,0,VideoPacket
1772702695216352,12999,1186,0,FECPacket
1772702695216517,13000,985,0,VideoPacket
1772702695216603,13001,985,0,VideoPacket
1772702695216682,13002,985,0,VideoPacket
1772702695216763,13003,969,0,VideoPacket
1772702695256732,13004,1058,0,VideoPacket
1772702695256893,13005,1058,0,VideoPacket
1772702695256973,13006,1059,0,VideoPacket
1772702695298821,13007,1096,0,VideoPacket
1772702695298935,13008,1097,0,VideoPacket
1772702695299016,13009,1097,0,VideoPacket
1772702695299090,13010,1186,0,FECPacket
1772702695341206,13011,1063,0,VideoPacket
1772702695341332,13012,1063,0,VideoPacket
1772702695341414,13013,1063,0,VideoPacket
1772702695341495,13014,1063,0,VideoPacket
1772702695382247,13015,1104,0,VideoPacket
1772702695382338,13016,1105,0,VideoPacket
1772702695382655,13017,1105,0,VideoPacket
1772702695384189,13018,1186,0,FECPacket
1772702695424096,13019,1104,0,VideoPacket
1772702695424192,13020,1104,0,VideoPacket
1772702695424263,13021,1104,0,VideoPacket
1772702695424340,13022,1088,0,VideoPacket
1772702695462066,1554,1065,0,Retransmission:13013
1772702695465467,13023,956,0,VideoPacket
1772702695465565,13024,956,0,VideoPacket
1772702695465644,13025,957,0,VideoPacket
1772702695507314,13026,939,0,VideoPacket
1772702695507676,13027,939,0,VideoPacket
1772702695507763,13028,939,0,VideoPacket
1772702695507858,13029,939,0,VideoPacket
1772702695507932,13030,1186,0,FECPacket
1772702695544898,1555,1106,0,Retransmission:13021
1772702695548905,13031,1141,0,VideoPacket
1772702695549005,13032,1141,0,VideoPacket
1772702695549086,13033,1141,0,VideoPacket
1772702695590697,13034,1142,0,VideoPacket
1772702695590796,13035,1142,0,VideoPacket
1772702695590890,13036,1142,0,VideoPacket
1772702695632620,13037,929,0,VideoPacket
1772702695632705,13038,929,0,VideoPacket
1772702695632788,13039,929,0,VideoPacket
1772702695632878,13040,913,0,VideoPacket
1772702695632953,13041,1172,0,FECPacket
1772702695675479,13042,1115,0,VideoPacket
1772702695675590,13043,1115,0,VideoPacket
1772702695675668,13044,1116,0,VideoPacket
1772702695716210,13045,1144,0,VideoPacket
1772702695716333,13046,1144,0,VideoPacket
1772702695716665,13047,1144,0,VideoPacket
1772702695721983,13048,1174,0,FECPacket
1772702695757565,13049,894,0,VideoPacket
1772702695757664,13050,894,0,VideoPacket
1772702695757741,13051,894,0,VideoPacket
1772702695757831,13052,895,0,VideoPacket
1772702695796154,1556,1117,0,Retransmission:13042
1772702695799244,13053,1124,0,VideoPacket
1772702695799362,13054,1124,0,VideoPacket
1772702695799461,13055,1124,0,VideoPacket
1772702695840957,13056,957,0,VideoPacket
1772702695841318,13057,958,0,VideoPacket
1772702695841397,13058,958,0,VideoPacket
1772702695841471,13059,942,0,VideoPacket
1772702695841548,13060,1174,0,FECPacket
1772702695882637,13061,1122,0,VideoPacket
1772702695882733,13062,1122,0,VideoPacket
1772702695882816,13063,1123,0,VideoPacket
1772702695924358,13064,1122,0,VideoPacket
1772702695924456,13065,1122,0,VideoPacket
1772702695924539,13066,1123,0,VideoPacket
1772702695966414,13067,1123,0,VideoPacket
1772702695966501,13068,1123,0,VideoPacket
1772702695966570,13069,1123,0,VideoPacket
1772702695966641,13070,1174,0,FECPacket
1772702696008179,13071,1094,0,VideoPacket
1772702696008320,13072,1094,0,VideoPacket
1772702696008389,13073,1095,0,VideoPacket
1772702696008464,13074,1095,0,VideoPacket
1772702696044971,1557,1124,0,Retransmission:13064
1772702696049269,13075,1040,0,VideoPacket
1772702696049366,13076,1040,0,VideoPacket
1772702696049697,13077,1024,0,VideoPacket
1772702696054755,13078,1174,0,FECPacket
1772702696091260,13079,1135,0,VideoPacket
1772702696091379,13080,1135,0,VideoPacket
1772702696091508,13081,1136,0,VideoPacket
1772702696133299,13082,932,0,VideoPacket
1772702696133403,13083,932,0,VideoPacket
1772702696133486,13084,932,0,VideoPacket
1772702696133564,13085,932,0,VideoPacket
1772702696133927,13086,933,0,VideoPacket
1772702696136159,13087,1166,0,FECPacket
1772702696174299,13088,842,0,VideoPacket
1772702696174396,13089,843,0,VideoPacket
1772702696174478,13090,843,0,VideoPacket
1772702696212328,1558,1137,0,Retransmission:13080
1772702696216618,13091,1086,0,VideoPacket
1772702696216715,13092,1086,0,VideoPacket
1772702696216798,13093,1087,0,VideoPacket
1772702696216890,13094,1087,0,VideoPacket
1772702696257985,13095,996,0,VideoPacket
1772702696258069,13096,997,0,VideoPacket
1772702696258153,13097,981,0,VideoPacket
1772702696258228,13098,1166,0,FECPacket
1772702696299589,13099,1047,0,VideoPacket
1772702696299687,13100,1047,0,VideoPacket
1772702696299767,13101,1048,0,VideoPacket
1772702696341829,13102,1109,0,VideoPacket
1772702696341992,13103,1109,0,VideoPacket
1772702696342336,13104,1110,0,VideoPacket
1772702696342416,13105,1110,0,VideoPacket
1772702696342492,13106,1166,0,FECPacket
1772702696383232,13107,1020,0,VideoPacket
1772702696383340,13108,1020,0,VideoPacket
1772702696383424,13109,1020,0,VideoPacket
1772702696425191,13110,958,0,VideoPacket
1772702696425290,13111,958,0,VideoPacket
1772702696425372,13112,958,0,VideoPacket
1772702696425701,13113,958,0,VideoPacket
1772702696431021,13114,1140,0,FECPacket
1772702696466706,13115,1077,0,VideoPacket
1772702696466817,13116,1078,0,VideoPacket
1772702696466895,13117,1062,0,VideoPacket
1772702696508601,13118,969,0,VideoPacket
1772702696508699,13119,969,0,VideoPacket
1772702696508780,13120,970,0,VideoPacket
1772702696508870,13121,970,0,VideoPacket
1772702696546006,1559,1022,0,Retransmission:13109
1772702696550486,13122,988,0,VideoPacket
1772702696550571,13123,988,0,VideoPacket
1772702696550650,13124,988,0,VideoPacket
1772702696550728,13125,988,0,VideoPacket
1772702696550801,13126,1140,0,FECPacket
1772702696591738,13127,1132,0,VideoPacket
1772702696591849,13128,1133,0,VideoPacket
1772702696591933,13129,1133,0,VideoPacket
1772702696633327,13130,1113,0,VideoPacket
1772702696633643,13131,1113,0,VideoPacket
1772702696633721,13132,1114,0,VideoPacket
1772702696633797,13133,1163,0,FECPacket
1772702696675494,13134,1000,0,VideoPacket
1772702696675592,13135,1000,0,VideoPacket
1772702696675676,13136,1000,0,VideoPacket
1772702696675757,13137,985,0,VideoPacket
1772702696716817,13138,1073,0,VideoPacket
1772702696716944,13139,1074,0,VideoPacket
1772702696717263,13140,1074,0,VideoPacket
1772702696722440,13141,1163,0,FECPacket
1772702696759059,13142,1011,0,VideoPacket
1772702696759207,13143,1011,0,VideoPacket
1772702696759309,13144,1012,0,VideoPacket
1772702696759391,13145,1012,0,VideoPacket
1772702696800332,13146,1040,0,VideoPacket
1772702696800446,13147,1040,0,VideoPacket
1772702696800528,13148,1040,0,VideoPacket
1772702696842671,13149,1038,0,VideoPacket
1772702696842782,13150,1038,0,VideoPacket
1772702696842899,13151,1039,0,VideoPacket
1772702696842979,13152,1039,0,VideoPacket
1772702696843052,13153,1163,0,FECPacket
1772702696883575,13154,1008,0,VideoPacket
1772702696883675,13155,1009,0,VideoPacket
1772702696883756,13156,993,0,VideoPacket
1772702696925605,13157,991,0,VideoPacket
1772702696925957,13158,991,0,VideoPacket
1772702696926036,13159,992,0,VideoPacket
1772702696926114,13160,992,0,VideoPacket
1772702696926188,13161,1163,0,FECPacket
1772702696967287,13162,934,0,VideoPacket
1772702696967387,13163,934,0,VideoPacket
1772702696967486,13164,935,0,VideoPacket
1772702696967566,13165,935,0,VideoPacket
1772702697009915,13166,909,0,VideoPacket
1772702697010296,13167,909,0,VideoPacket
1772702697010376,13168,909,0,VideoPacket
1772702697010453,13169,910,0,VideoPacket
1772702697010527,13170,1104,0,FECPacket
1772702697050794,13171,997,0,VideoPacket
1772702697050906,13172,997,0,VideoPacket
1772702697050985,13173,997,0,VideoPacket
1772702697051065,13174,997,0,VideoPacket
1772702697092264,13175,1000,0,VideoPacket
1772702697092592,13176,1000,0,VideoPacket
1772702697092670,13177,985,0,VideoPacket
1772702697092746,13178,1070,0,FECPacket
1772702697134294,13179,927,0,VideoPacket
1772702697134397,13180,927,0,VideoPacket
1772702697134478,13181,927,0,VideoPacket
1772702697134559,13182,927,0,VideoPacket
1772702697134639,13183,927,0,VideoPacket
1772702697175516,13184,950,0,VideoPacket
1772702697175930,13185,950,0,VideoPacket
1772702697176012,13186,950,0,VideoPacket
1772702697176101,13187,1039,0,FECPacket
1772702697217708,13188,1011,0,VideoPacket
1772702697217848,13189,1012,0,VideoPacket
1772702697217937,13190,1012,0,VideoPacket
1772702697218015,13191,1012,0,VideoPacket
1772702697259180,13192,942,0,VideoPacket
1772702697259290,13193,942,0,VideoPacket
1772702697259598,13194,943,0,VideoPacket
1772702697259676,13195,943,0,VideoPacket
1772702697259754,13196,1042,0,FECPacket
1772702697296518,1560,929,0,Retransmission:13183
1772702697296625,1561,952,0,Retransmission:13184
1772702697300834,13197,1132,0,VideoPacket
1772702697300932,13198,1133,0,VideoPacket
1772702697301014,13199,1117,0,VideoPacket
1772702697342790,13200,1107,0,VideoPacket
1772702697342917,13201,1107,0,VideoPacket
1772702697343027,13202,1107,0,VideoPacket
1772702697343337,13203,1108,0,VideoPacket
1772702697348585,13204,1163,0,FECPacket
1772702697384446,13205,1109,0,VideoPacket
1772702697384562,13206,1110,0,VideoPacket
1772702697384646,13207,1110,0,VideoPacket
1772702697426021,13208,905,0,VideoPacket
1772702697426133,13209,905,0,VideoPacket
1772702697426212,13210,906,0,VideoPacket
1772702697426291,13211,906,0,VideoPacket
1772702697467706,13212,934,0,VideoPacket
1772702697467820,13213,935,0,VideoPacket
1772702697467904,13214,935,0,VideoPacket
1772702697467976,13215,1163,0,FECPacket
1772702697505185,1562,1111,0,Retransmission:13205
1772702697509263,13216,1136,0,VideoPacket
1772702697509370,13217,1137,0,VideoPacket
1772702697509452,13218,1121,0,VideoPacket
1772702697550921,13219,1019,0,VideoPacket
1772702697551035,13220,1019,0,VideoPacket
1772702697551383,13221,1019,0,VideoPacket
1772702697556556,13222,1167,0,FECPacket
1772702697593195,13223,985,0,VideoPacket
1772702697593304,13224,985,0,VideoPacket
1772702697593384,13225,986,0,VideoPacket
1772702697593464,13226,986,0,VideoPacket
1772702697634780,13227,1049,0,VideoPacket
1772702697634899,13228,1049,0,VideoPacket
1772702697634982,13229,1049,0,VideoPacket
1772702697635317,13230,1049,0,VideoPacket
1772702697636523,13231,1167,0,FECPacket
1772702697676123,13232,1103,0,VideoPacket
1772702697676249,13233,1103,0,VideoPacket
1772702697676334,13234,1104,0,VideoPacket
1772702697718132,13235,1126,0,VideoPacket
1772702697718237,13236,1127,0,VideoPacket
1772702697718322,13237,1127,0,VideoPacket
1772702697718403,13238,1111,0,VideoPacket
1772702697760164,13239,962,0,VideoPacket
1772702697760291,13240,962,0,VideoPacket
1772702697760398,13241,962,0,VideoPacket
1772702697760490,13242,962,0,VideoPacket
1772702697760579,13243,1167,0,FECPacket
1772702697801740,13244,995,0,VideoPacket
1772702697801876,13245,995,0,VideoPacket
1772702697801960,13246,995,0,VideoPacket
1772702697802040,13247,995,0,VideoPacket
1772702697845153,13248,1008,0,VideoPacket
1772702697845246,13249,1008,0,VideoPacket
1772702697845326,13250,1009,0,VideoPacket
1772702697845419,13251,1009,0,VideoPacket
1772702697845492,13252,1167,0,FECPacket
1772702697885274,13253,964,0,VideoPacket
1772702697885390,13254,964,0,VideoPacket
1772702697885470,13255,965,0,VideoPacket
1772702697885547,13256,965,0,VideoPacket
1772702697885908,13257,965,0,VideoPacket
1772702697885985,13258,965,0,VideoPacket
1772702697934671,13259,1157,0,FECPacket
1772702697934841,13260,992,0,VideoPacket
1772702697934929,13261,992,0,VideoPacket
1772702697935008,13262,992,0,VideoPacket
1772702697935089,13263,977,0,VideoPacket
1772702697967817,13264,987,0,VideoPacket
1772702697967926,13265,987,0,VideoPacket
1772702697968270,13266,988,0,VideoPacket
1772702697973491,13267,1157,0,FECPacket
1772702698006552,1563,967,0,Retransmission:13256
1772702698010509,13268,1141,0,VideoPacket
1772702698010620,13269,1141,0,VideoPacket
1772702698010709,13270,1141,0,VideoPacket
1772702698010790,13271,1141,0,VideoPacket
1772702698051158,13272,1141,0,VideoPacket
1772702698051271,13273,1141,0,VideoPacket
1772702698051355,13274,1142,0,VideoPacket
1772702698093567,13275,1035,0,VideoPacket
1772702698093674,13276,1036,0,VideoPacket
1772702698093752,13277,1036,0,VideoPacket
1772702698093838,13278,1036,0,VideoPacket
1772702698093906,13279,1172,0,FECPacket
1772702698135020,13280,960,0,VideoPacket
1772702698135160,13281,961,0,VideoPacket
1772702698135230,13282,961,0,VideoPacket
1772702698135307,13283,961,0,VideoPacket
1772702698135379,13284,945,0,VideoPacket
1772702698176663,13285,1072,0,VideoPacket
1772702698176783,13286,1072,0,VideoPacket
1772702698176870,13287,1072,0,VideoPacket
1772702698176940,13288,1172,0,FECPacket
1772702698219140,13289,1117,0,VideoPacket
1772702698219291,13290,1117,0,VideoPacket
1772702698219363,13291,1117,0,VideoPacket
1772702698219439,13292,1117,0,VideoPacket
1772702698219513,13293,1117,0,VideoPacket
1772702698264607,13294,1117,0,VideoPacket
1772702698265021,13295,1117,0,VideoPacket
1772702698265104,13296,1118,0,VideoPacket
1772702698265181,13297,883,0,VideoPacket
1772702698265268,13298,884,0,VideoPacket
1772702698305398,13299,884,0,VideoPacket
1772702698305506,13300,1172,0,FECPacket
1772702698305573,13301,1135,0,VideoPacket
1772702698305642,13302,1136,0,VideoPacket
1772702698343180,13303,1067,0,VideoPacket
1772702698343272,13304,1067,0,VideoPacket
1772702698343568,13305,1051,0,VideoPacket
1772702698348919,13306,1172,0,FECPacket
1772702698385363,13307,1141,0,VideoPacket
1772702698385458,13308,1142,0,VideoPacket
1772702698385526,13309,1142,0,VideoPacket
1772702698385594,13310,1142,0,VideoPacket
1772702698426582,13311,974,0,VideoPacket
1772702698426735,13312,975,0,VideoPacket
1772702698426816,13313,975,0,VideoPacket
1772702698468887,13314,955,0,VideoPacket
1772702698469260,13315,955,0,VideoPacket
1772702698469341,13316,956,0,VideoPacket
1772702698469418,13317,956,0,VideoPacket
1772702698469486,13318,1172,0,FECPacket
1772702698510468,13319,1142,0,VideoPacket
1772702698510562,13320,1142,0,VideoPacket
1772702698510632,13321,1142,0,VideoPacket
1772702698551929,13322,1110,0,VideoPacket
1772702698552023,13323,1111,0,VideoPacket
1772702698552112,13324,1095,0,VideoPacket
1772702698595110,13325,1037,0,VideoPacket
1772702698595210,13326,1038,0,VideoPacket
1772702698595280,13327,1038,0,VideoPacket
1772702698595351,13328,1038,0,VideoPacket
1772702698595420,13329,1172,0,FECPacket
1772702698635994,13330,1009,0,VideoPacket
1772702698636100,13331,1009,0,VideoPacket
1772702698636170,13332,1010,0,VideoPacket
1772702698636243,13333,1010,0,VideoPacket
1772702698677469,13334,943,0,VideoPacket
1772702698677784,13335,943,0,VideoPacket
1772702698677875,13336,943,0,VideoPacket
1772702698677955,13337,943,0,VideoPacket
1772702698678024,13338,1172,0,FECPacket
1772702698718666,13339,925,0,VideoPacket
1772702698718773,13340,926,0,VideoPacket
1772702698718856,13341,926,0,VideoPacket
1772702698718938,13342,926,0,VideoPacket
1772702698760732,13343,910,0,VideoPacket
1772702698760839,13344,910,0,VideoPacket
1772702698761108,13345,910,0,VideoPacket
1772702698761189,13346,894,0,VideoPacket
1772702698761263,13347,1172,0,FECPacket
1772702698802591,13348,1056,0,VideoPacket
1772702698802686,13349,1057,0,VideoPacket
1772702698802754,13350,1057,0,VideoPacket
1772702698802843,13351,1057,0,VideoPacket
1772702698844257,13352,894,0,VideoPacket
1772702698844382,13353,894,0,VideoPacket
1772702698844451,13354,895,0,VideoPacket
1772702698844748,13355,895,0,VideoPacket
1772702698844870,13356,1141,0,FECPacket
1772702698885949,13357,1122,0,VideoPacket
1772702698886046,13358,1123,0,VideoPacket
1772702698886116,13359,1123,0,VideoPacket
1772702698886223,13360,1123,0,VideoPacket
1772702698927522,13361,1141,0,VideoPacket
1772702698927615,13362,1141,0,VideoPacket
1772702698927684,13363,1142,0,VideoPacket
1772702698969578,13364,1053,0,VideoPacket
1772702698969921,13365,1053,0,VideoPacket
1772702698970003,13366,1054,0,VideoPacket
1772702698970080,13367,1038,0,VideoPacket
1772702698970152,13368,1172,0,FECPacket
1772702699010779,13369,1138,0,VideoPacket
1772702699010882,13370,1138,0,VideoPacket
1772702699010951,13371,1139,0,VideoPacket
1772702699052869,13372,1061,0,VideoPacket
1772702699052969,13373,1061,0,VideoPacket
1772702699053054,13374,1061,0,VideoPacket
1772702699053352,13375,1061,0,VideoPacket
1772702699058527,13376,1172,0,FECPacket
1772702699094595,13377,995,0,VideoPacket
1772702699094700,13378,995,0,VideoPacket
1772702699094798,13379,995,0,VideoPacket
1772702699094898,13380,996,0,VideoPacket
