timestamp,frame_num,pkt_size
1773377963234840,7,19
1773377963253643,8,18
1773377963285681,9,5
1773377963326319,10,13
1773377963368103,11,13
1773377963413517,12,12
1773377963503656,13,43
1773377963508076,14,43
1773377963577863,15,13
1773377963662181,16,28
1773377963702187,17,8
1773377963745940,18,10
1773377963787941,19,17
1773377963829405,20,17
1773377963870873,21,4
1773377963921925,22,44
1773377963926398,23,45
1773377963954127,24,19
1773377963996543,25,34
1773377964038025,26,33
1773377964080698,27,7
1773377964122604,28,13
1773377964163141,29,21
1773377964205336,30,25
1773377964247469,31,26
1773377964289955,32,26
1773377964330761,33,9
1773377964372670,34,9
1773377964414875,35,6
1773377964455601,36,25
1773377964498843,37,43
1773377964540160,38,16
1773377964581104,39,15
1773377964623312,40,42
1773377964665030,41,35
1773377964706897,42,34
1773377964750022,43,36
1773377964789944,44,9
1773377964833531,45,35
1773377964874972,46,47
1773377964879507,47,47
1773377964911451,48,4
1773377964953906,49,25
1773377964996381,50,14
1773377965037619,51,7
1773377965079586,52,9
1773377965121807,53,21
1773377965163479,54,7
1773377965205962,55,30
1773377965246594,56,21
1773377965288834,57,13
1773377965331000,58,31
1773377965372233,59,26
1773377965414773,60,28
1773377965456472,61,29
1773377965498011,62,29
1773377965539645,63,33
1773377965582259,64,51
1773377965622939,65,6
1773377965664919,66,35
1773377965706209,67,43
1773377965747650,68,16
1773377965789730,69,17
1773377965831633,70,33
1773377965872608,71,28
1773377965914913,72,36
1773377965956110,73,27
1773377965998433,74,31
1773377966039733,75,34
1773377966081204,76,29
1773377966123587,77,33
1773377966165356,78,32
1773377966206552,79,31
1773377966248415,80,32
1773377966290482,81,32
1773377966332050,82,31
1773377966373639,83,31
1773377966415997,84,32
1773377966457160,85,32
1773377966498748,86,31
1773377966540137,87,31
1773377966581915,88,30
1773377966624277,89,30
1773377966666107,90,16
1773377966707019,91,6
1773377966748878,92,6
1773377966791091,93,32
1773377966832993,94,17
1773377966874071,95,6
1773377966917272,96,39
1773377966957598,97,8
1773377966999744,98,31
1773377967041493,99,39
1773377967082993,100,17
1773377967125092,101,35
1773377967167726,102,36
1773377967208822,103,35
1773377967249921,104,35
1773377967291534,105,9
1773377967333369,106,35
1773377967374887,107,9
1773377967416552,108,9
1773377967458788,109,35
1773377967500290,110,9
1773377967541767,111,9
1773377967583344,112,9
1773377967625449,113,9
1773377967667164,114,9
1773377967708810,115,9
1773377967750588,116,9
1773377967792102,117,9
1773377967834082,118,35
1773377967875405,119,9
1773377967917086,120,9
1773377967959218,121,37
1773377968000770,122,9
1773377968042495,123,9
1773377968084501,124,39
1773377968125197,125,11
1773377968167606,126,9
1773377968209567,127,37
1773377968251669,128,35
1773377968292566,129,37
1773377968334467,130,37
1773377968375493,131,8
1773377968417985,132,40
1773377968459426,133,39
1773377968500695,134,31
1773377968543104,135,41
1773377968584214,136,36
1773377968628857,137,34
1773377968667641,138,37
1773377968709500,139,35
1773377968750658,140,9
1773377968793370,141,35
1773377968840877,142,14
1773377968845520,143,14
1773377968850171,144,14
1773377968874506,145,29
1773377968916600,146,16
1773377968959584,147,19
1773377969001375,148,11
1773377969043197,149,28
1773377969085530,150,31
1773377969127683,151,32
1773377969168598,152,9
1773377969215398,153,37
1773377969251861,154,8
1773377969295132,155,19
1773377969337749,156,66
1773377969376667,157,21
1773377969419191,158,33
1773377969460911,159,49
1773377969502079,160,23
1773377969544323,161,16
1773377969585953,162,35
1773377969627210,163,10
1773377969669675,164,33
1773377969711276,165,17
1773377969752778,166,32
1773377969794231,167,30
1773377969836713,168,31
1773377969878818,169,40
1773377969919217,170,14
1773377969961188,171,7
1773377970003969,172,41
1773377970045499,173,29
1773377970086883,174,38
1773377970128535,175,33
1773377970170635,176,7
1773377970212021,177,37
1773377970253473,178,17
1773377970295619,179,38
1773377970337501,180,35
1773377970378451,181,9
1773377970421176,182,37
1773377970505850,183,49
1773377970587002,184,8
1773377970670738,185,11
1773377970754342,186,40
1773377970836813,187,14
1773377970920792,188,31
1773377971003381,189,22
1773377971086348,190,16
1773377971169069,191,8
1773377971251287,192,5
1773377971336510,193,3
1773377971419222,194,5
1773377971503529,195,19
1773377971585460,196,9
1773377971671070,197,25
1773377971753612,198,8
1773377971836286,199,13
1773377971919896,200,9
1773377972002941,201,21
1773377972086261,202,13
1773377972169947,203,15
1773377972253068,204,12
1773377972336940,205,17
1773377972420261,206,4
1773377972504269,207,14
1773377972587610,208,15
1773377972671204,209,14
1773377972754674,210,5
1773377972838205,211,15
1773377972921637,212,5
1773377973005137,213,16
1773377973088222,214,6
1773377973172290,215,16
1773377973255178,216,17
1773377973338743,217,8
1773377973422043,218,10
1773377973505345,219,5
1773377973588706,220,16
1773377973672599,221,18
1773377973755444,222,18
1773377973839311,223,8
1773377973922888,224,8
1773377974006313,225,20
1773377974088887,226,3
1773377974173327,227,17
1773377974256074,228,17
1773377974339885,229,18
1773377974422745,230,8
1773377974506593,231,18
1773377974589431,232,17
1773377974678020,233,21
1773377974756021,234,15
1773377974843852,235,44
1773377974848409,236,47
1773377974922074,237,5
1773377975004291,238,21
1773377975089124,239,27
1773377975173042,240,19
1773377975254545,241,4
1773377975338890,242,5
1773377975422115,243,13
1773377975505986,244,7
1773377975589815,245,10
1773377975672695,246,7
1773377975757172,247,5
1773377975839934,248,5
1773377975923439,249,14
1773377976007537,250,5
1773377976090934,251,13
1773377976174303,252,18
1773377976258103,253,3
1773377976341411,254,3
1773377976424677,255,20
1773377976508555,256,16
1773377976592286,257,4
1773377976675751,258,24
1773377976758210,259,7
1773377976841473,260,15
1773377976924322,261,16
1773377977008717,262,7
1773377977091910,263,13
1773377977174777,264,13
1773377977259218,265,14
1773377977342594,266,16
1773377977427037,267,16
1773377977509101,268,14
1773377977592458,269,5
1773377977675228,270,5
1773377977759494,271,3
1773377977842818,272,3
1773377977926144,273,14
1773377978009614,274,13
1773377978093092,275,14
1773377978175908,276,3
1773377978259559,277,13
1773377978342781,278,16
1773377978426789,279,19
1773377978509484,280,14
1773377978593402,281,17
1773377978677019,282,17
1773377978760846,283,27
1773377978842645,284,11
1773377978925530,285,12
1773377979010010,286,18
1773377979093030,287,8
1773377979177096,288,3
1773377979260633,289,11
1773377979344156,290,16
1773377979433200,291,15
1773377979515114,292,57
1773377979592414,293,8
1773377979676728,294,14
1773377979759859,295,29
1773377979842740,296,4
1773377979926180,297,5
1773377980010543,298,8
1773377980093434,299,7
1773377980177238,300,3
1773377980260379,301,5
1773377980344522,302,10
1773377980428344,303,5
1773377980509889,304,7
1773377980594652,305,11
1773377980677279,306,5
1773377980766625,307,32
1773377980842284,308,5
1773377980925378,309,4
1773377981010102,310,32
1773377981092562,311,3
1773377981176049,312,3
1773377981260131,313,4
1773377981342974,314,4
1773377981426997,315,6
1773377981510252,316,7
1773377981593419,317,3
1773377981676884,318,7
1773377981760453,319,10
1773377981843629,320,7
1773377981927035,321,7
1773377982010332,322,7
1773377982094643,323,11
1773377982178835,324,3
1773377982265005,325,39
1773377982343493,326,5
1773377982430737,327,5
1773377982513153,328,30
1773377982593990,329,2
1773377982679722,330,6
1773377982761407,331,7
1773377982844294,332,3
1773377982928021,333,3
1773377983011571,334,4
1773377983094901,335,5
1773377983178250,336,3
1773377983261815,337,3
1773377983345431,338,2
1773377983429248,339,7
1773377983511817,340,5
1773377983597021,341,6
1773377983681984,342,10
1773377983763893,343,3
1773377983847277,344,11
1773377983932420,345,11
1773377984013771,346,7
1773377984095782,347,3
1773377984181534,348,9
1773377984263561,349,8
1773377984347055,350,7
1773377984430561,351,3
1773377984512901,352,5
1773377984596026,353,5
1773377984679656,354,5
1773377984764370,355,5
1773377984846907,356,7
1773377984929736,357,4
1773377985013617,358,3
1773377985096728,359,2
1773377985180370,360,5
1773377985263443,361,4
1773377985347022,362,3
1773377985430514,363,5
1773377985513780,364,5
1773377985597176,365,5
1773377985680674,366,5
1773377985764172,367,5
1773377985847808,368,3
1773377985931212,369,3
1773377986014718,370,7
1773377986098534,371,3
1773377986181573,372,3
1773377986265136,373,3
1773377986348376,374,3
1773377986431939,375,7
1773377986515431,376,11
1773377986598317,377,5
1773377986682203,378,2
1773377986765756,379,2
1773377986848965,380,3
1773377986933089,381,4
1773377987016077,382,7
1773377987099048,383,3
1773377987182118,384,2
1773377987273774,385,28
1773377987432452,386,3
1773377987521512,387,7
1773377987599384,388,16
1773377987687393,389,35
1773377987767086,390,3
1773377987849033,391,2
1773377987932769,392,19
1773377988016152,393,7
1773377988099380,394,3
1773377988182252,395,3
1773377988266119,396,5
1773377988349425,397,3
1773377988432734,398,3
1773377988516960,399,3
1773377988599786,400,4
1773377988683135,401,4
1773377988766756,402,4
1773377988850347,403,5
1773377988933803,404,2
1773377989017346,405,5
1773377989100519,406,5
1773377989183827,407,5
1773377989268564,408,2
1773377989350218,409,2
1773377989433892,410,2
1773377989517224,411,3
1773377989600801,412,3
1773377989683971,413,3
1773377989767629,414,4
1773377989850938,415,5
1773377989934804,416,4
1773377990018835,417,5
1773377990102176,418,11
1773377990184851,419,5
1773377990268270,420,7
1773377990352211,421,8
1773377990436594,422,5
1773377990518838,423,5
1773377990602151,424,2
1773377990685291,425,2
1773377990768742,426,5
1773377990852833,427,4
1773377990935560,428,3
1773377991020331,429,3
1773377991102491,430,2
1773377991273024,431,8
1773377991353098,432,2
1773377991437535,433,6
1773377991520826,434,9
1773377991610881,435,19
1773377991687677,436,7
1773377991853481,437,3
1773377992103332,438,4
1773377992436829,439,2
1773377992520228,440,5
1773377992604385,441,5
1773377992687025,442,3
1773377992770552,443,3
1773377992862295,444,23
1773377993774761,445,15
1773377993939897,446,8
1773377993984059,447,14
1773377994022267,448,11
1773377994064399,449,9
1773377994110917,450,39
1773377994148252,451,7
1773377994189376,452,7
1773377994231388,453,23
1773377994272824,454,7
1773377994314268,455,4
1773377994356521,456,9
1773377994398341,457,15
1773377994439194,458,7
1773377994481273,459,5
1773377994523033,460,14
1773377994564825,461,5
1773377994606140,462,3
1773377994648261,463,11
1773377994690384,464,3
1773377994731025,465,5
1773377994773391,466,2
1773377994815494,467,11
1773377994856128,468,3
1773377994897917,469,5
1773377994939568,470,5
1773377994980930,471,3
1773377995064804,472,3
1773377995106262,473,5
1773377995147808,474,3
1773377995189842,475,3
1773377995231724,476,4
1773377995273180,477,4
1773377995315078,478,5
1773377995356687,479,3
1773377995398766,480,3
1773377995440117,481,7
1773377995482330,482,7
1773377995523908,483,4
1773377995567786,484,10
1773377995606450,485,4
1773377995648754,486,4
1773377995690490,487,8
1773377995732304,488,4
1773377995815693,489,6
1773377995899267,490,6
1773377995982934,491,9
1773377996065934,492,7
1773377996149849,493,10
1773377996232822,494,2
1773377996316519,495,9
1773377996399832,496,2
1773377996482905,497,7
1773377996653637,498,21
1773377996734783,499,3
1773377996817007,500,11
1773377996900051,501,4
1773377996983142,502,5
1773377997066651,503,7
1773377997150517,504,3
1773377997234006,505,7
1773377997317042,506,7
1773377997399946,507,2
1773377997484340,508,3
1773377997567735,509,7
1773377997650876,510,4
1773377997734721,511,8
1773377997776095,512,3
1773377997818053,513,4
1773377997859633,514,8
1773377997901387,515,7
1773377997942912,516,3
1773377997984838,517,3
1773377998026690,518,3
1773377998068974,519,10
1773377998110244,520,10
1773377998152074,521,10
1773377998193524,522,11
1773377998235390,523,5
1773377998279958,524,35
1773377998318405,525,7
1773377998360085,526,8
1773377998402006,527,9
1773377998443848,528,9
1773377998485273,529,7
1773377998528183,530,9
1773377998569848,531,3
1773377998611227,532,8
1773377998652018,533,9
1773377998694734,534,7
1773377998736104,535,13
1773377998777996,536,14
1773377998819639,537,3
1773377998861108,538,8
1773377998902503,539,5
1773377998945623,540,4
1773377998985962,541,3
1773377999027426,542,4
1773377999070202,543,17
1773377999111285,544,11
1773377999152866,545,10
1773377999196222,546,23
1773377999235890,547,2
1773377999277780,548,2
1773377999320354,549,7
1773377999361342,550,5
1773377999402866,551,4
1773377999445264,552,17
1773377999486375,553,3
1773377999527903,554,11
1773377999570250,555,8
1773377999611138,556,11
1773377999653057,557,11
1773377999695142,558,14
1773377999736623,559,5
1773377999778489,560,11
1773377999820455,561,3
1773377999862051,562,3
1773377999904161,563,7
1773377999945423,564,12
1773377999986854,565,3
1773378000031252,566,38
1773378000070274,567,9
1773378000111247,568,2
1773378000153580,569,20
1773378000195715,570,11
1773378000236980,571,3
1773378000279277,572,7
1773378000320340,573,2
1773378000362459,574,9
1773378000405080,575,17
1773378000446699,576,5
1773378000487689,577,5
1773378000529917,578,5
1773378000572364,579,7
1773378000612711,580,3
1773378000654997,581,14
1773378000698027,582,32
1773378000737662,583,2
1773378000779017,584,9
1773378000822335,585,25
1773378000862777,586,4
1773378000904460,587,7
1773378000947013,588,5
1773378000988179,589,3
1773378001029590,590,8
1773378001072432,591,14
1773378001113104,592,3
1773378001154735,593,8
1773378001198106,594,17
1773378001238696,595,3
1773378001279953,596,3
1773378001322821,597,19
1773378001363842,598,8
1773378001405542,599,8
1773378001448120,600,19
1773378001488420,601,7
1773378001530165,602,8
1773378001572566,603,8
1773378001614293,604,5
1773378001655396,605,8
1773378001698121,606,16
1773378001739053,607,5
1773378001780648,608,8
1773378001823423,609,17
1773378001864128,610,3
1773378001905169,611,2
1773378001947817,612,5
1773378001989399,613,8
1773378002030730,614,7
1773378002072955,615,14
1773378002114194,616,3
1773378002156148,617,11
1773378002198484,618,16
1773378002239106,619,3
1773378002281157,620,11
1773378002323401,621,17
1773378002364463,622,3
1773378002406600,623,11
1773378002448432,624,17
1773378002489947,625,3
1773378002539007,626,15
1773378002613995,627,7
1773378002657234,628,11
1773378002700480,629,38
1773378002739371,630,5
1773378002781467,631,5
1773378002824870,632,23
1773378002865301,633,4
1773378002906597,634,7
1773378002949699,635,19
1773378002989818,636,2
1773378003032496,637,11
1773378003073671,638,13
1773378003115456,639,11
1773378003156510,640,2
1773378003199231,641,4
1773378003240485,642,11
1773378003282257,643,3
1773378003324088,644,12
1773378003365233,645,7
1773378003406722,646,7
1773378003449096,647,3
1773378003490210,648,4
1773378003532910,649,5
1773378003573932,650,5
1773378003616882,651,22
1773378003657579,652,2
1773378003698870,653,8
1773378003741507,654,23
1773378003782049,655,9
1773378003824307,656,3
1773378003866042,657,12
1773378003908972,658,13
1773378003949813,659,4
1773378003991269,660,11
1773378004033396,661,17
1773378004074397,662,11
1773378004116872,663,11
1773378004158395,664,17
1773378004199380,665,3
1773378004243027,666,25
1773378004282853,667,11
1773378004324659,668,8
1773378004366524,669,16
1773378004408809,670,4
1773378004449969,671,10
1773378004494655,672,43
1773378004533453,673,6
1773378004574423,674,7
1773378004616820,675,23
1773378004657988,676,5
1773378004707060,677,21
1773378004711462,678,21
1773378004741735,679,3
1773378004782994,680,11
1773378004828440,681,51
1773378004866093,682,3
1773378004908022,683,3
1773378004953604,684,17
1773378004991924,685,3
1773378005033053,686,4
1773378005077588,687,26
1773378005116675,688,3
1773378005158150,689,3
1773378005203350,690,31
1773378005241668,691,3
1773378005283364,692,3
1773378005325365,693,16
1773378005367323,694,2
1773378005450056,695,5
1773378005533838,696,2
1773378005617655,697,5
1773378005700884,698,3
1773378005791653,699,19
1773378005950717,700,3
1773378006035071,701,7
1773378006118178,702,5
1773378006159937,703,8
1773378006201594,704,10
1773378006243283,705,3
1773378006288695,706,11
1773378006326730,707,5
1773378006368675,708,11
1773378006413862,709,37
1773378006451966,710,5
1773378006493049,711,3
1773378006535450,712,21
1773378006577001,713,5
1773378006618695,714,8
1773378006660533,715,4
1773378006701780,716,4
1773378006743456,717,7
1773378006785897,718,11
1773378006826735,719,7
1773378006868552,720,7
1773378006911186,721,3
1773378006952361,722,3
1773378006993650,723,8
1773378007036297,724,7
1773378007077528,725,7
1773378007119468,726,4
1773378007161404,727,14
1773378007202397,728,8
1773378007244400,729,2
1773378007287627,730,4
1773378007327684,731,8
1773378007369531,732,11
1773378007413842,733,21
1773378007453152,734,10
1773378007494372,735,5
1773378007538191,736,24
1773378007578431,737,11
1773378007619684,738,3
1773378007662791,739,23
1773378007703471,740,11
1773378007745681,741,8
1773378007789198,742,26
1773378007827960,743,9
1773378007870100,744,3
1773378007913768,745,14
1773378007953473,746,2
1773378007994800,747,8
1773378008037871,748,7
1773378008079091,749,11
1773378008120158,750,10
1773378008165504,751,15
1773378008203095,752,7
1773378008245208,753,2
1773378008288425,754,8
1773378008328461,755,6
1773378008370052,756,3
1773378008413562,757,11
1773378008453704,758,8
1773378008495146,759,3
1773378008537847,760,13
1773378008578559,761,7
1773378008620454,762,3
1773378008662552,763,6
1773378008703641,764,9
1773378008752968,765,19
1773378008794038,766,8
1773378008798394,767,39
1773378008829205,768,10
1773378008869741,769,19
1773378008912113,770,10
1773378008954048,771,6
1773378008998979,772,7
1773378009037579,773,7
1773378009079235,774,8
1773378009166611,775,22
1773378009206624,776,13
1773378009246579,777,11
1773378009287371,778,7
1773378009329750,779,14
1773378009372498,780,9
1773378009413393,781,9
1773378009455374,782,11
1773378009497329,783,4
1773378009538644,784,2
1773378009580072,785,11
1773378009622289,786,13
1773378009663170,787,4
1773378009705296,788,5
1773378009747970,789,17
1773378009787954,790,2
1773378009830198,791,10
1773378009873503,792,19
1773378009913638,793,3
1773378009955188,794,5
1773378009997454,795,8
1773378010038526,796,9
1773378010080469,797,10
1773378010121724,798,11
1773378010164347,799,4
1773378010205246,800,9
1773378010248059,801,5
1773378010289411,802,11
1773378010331222,803,5
1773378010374287,804,9
1773378010414040,805,2
1773378010456098,806,11
1773378010500371,807,31
1773378010540002,808,3
1773378010580810,809,8
1773378010625009,810,31
1773378010664448,811,5
1773378010705642,812,7
